Omega,switch_rate,interrogation_time,best_fixed_menu_protocol,p_full,p_effective,absolute_probability_difference,bernoulli_KL_nats_per_shot,shots_for_log_likelihood_log20,stationary_hidden_entropy_rate
0.0,1.0,1.0,prep_z-_measure_z+,0.23325982806861345,0.26744183804380167,0.03418200997518822,0.0030692926330683906,976.0334486448556,0.07337322284388612
0.0,1.1220184543019633,1.0,prep_z-_measure_z+,0.2349995290718601,0.26744183804380167,0.03244230897194156,0.0027604971331461753,1085.2147743909138,0.07711136240665736
0.0,1.2589254117941673,1.0,prep_z-_measure_z+,0.23677543222169908,0.26744183804380167,0.030666405822102588,0.0024626397226197062,1216.4720019894714,0.08077926517403233
0.0,1.4125375446227544,1.0,prep_z-_measure_z+,0.23857340591720141,0.26744183804380167,0.028868432126600257,0.002178859216605069,1374.9085992906466,0.08435538661314561
0.0,1.5848931924611136,1.0,prep_z-_measure_z+,0.2403782546594982,0.26744183804380167,0.02706358338430348,0.0019118915760774867,1566.8944363990322,0.0878204237072465
0.0,1.7782794100389228,1.0,prep_z-_measure_z+,0.2421742461455204,0.26744183804380167,0.02526759189828126,0.0016639430063845294,1800.381540749534,0.09115767019744515
0.0,1.9952623149688797,1.0,prep_z-_measure_z+,0.24394571214932864,0.26744183804380167,0.02349612589447303,0.001436598131010651,2085.295956390034,0.09435324964466967
0.0,2.23872113856834,1.0,prep_z-_measure_z+,0.24567767540405086,0.26744183804380167,0.02176416263975081,0.001230773256985753,2434.0245098359887,0.09739622566192954
0.0,2.51188643150958,1.0,prep_z-_measure_z+,0.24735644541711016,0.26744183804380167,0.02008539262669151,0.0010467191659100233,2862.0210378487577,0.10027859690213438
0.0,2.8183829312644537,1.0,prep_z-_measure_z+,0.24897012525117468,0.26744183804380167,0.018471712792626993,0.000884071256152693,3388.5642731908715,0.1029951908913699
0.0,3.1622776601683795,1.0,prep_z-_measure_z+,0.2505089805021655,0.26744183804380167,0.016932857541636148,0.0007419385771166853,4037.70927398866,0.10554347518018763
0.0,3.548133892335755,1.0,prep_z-_measure_z+,0.25196564025810797,0.26744183804380167,0.015476197785693702,0.0006190186889073346,4839.4859916781015,0.10792330648080935
0.0,3.981071705534973,1.0,prep_z-_measure_z+,0.25333512418121074,0.26744183804380167,0.014106713862590936,0.0005137232885723785,5831.412241167887,0.11013663867035937
0.0,4.466835921509632,1.0,prep_z-_measure_z+,0.25461471441047817,0.26744183804380167,0.0128271236333235,0.00042430039110109494,7060.4042239504315,0.1121872091555742
0.0,5.011872336272724,1.0,prep_z-_measure_z+,0.2558037098320119,0.26744183804380167,0.011638128211789778,0.00034894200143388045,8585.186825443367,0.11408022058675446
0.0,5.623413251903491,1.0,prep_z-_measure_z+,0.25690310935973737,0.26744183804380167,0.010538728684064302,0.00028587059307050473,10479.329970169923,0.11582203175652549
0.0,6.309573444801933,1.0,prep_z-_measure_z+,0.2579152694879404,0.26744183804380167,0.009526568555861259,0.0002334021215185493,12835.068739149869,0.1174198681448144
0.0,7.07945784384138,1.0,prep_z-_measure_z+,0.2588435721084914,0.26744183804380167,0.008598265935310268,0.0001899868158317889,15768.106120618188,0.11888155930705545
0.0,7.943282347242816,1.0,prep_z-_measure_z+,0.25969212583833323,0.26744183804380167,0.00774971220546844,0.00015423116828128854,19423.650270808692,0.12021530737700323
0.0,8.912509381337456,1.0,prep_z-_measure_z+,0.26046551203612756,0.26744183804380167,0.006976326007674116,0.00012490542193750905,23984.005074277513,0.12142948850047845
0.0,10.0,1.0,prep_z-_measure_z+,0.26116857775067126,0.26744183804380167,0.0062732602931304116,0.00010094078195372735,29678.116372501216,0.12253248708255243
0.0,11.220184543019636,1.0,prep_z-_measure_z+,0.2618062725364677,0.26744183804380167,0.005635565507333962,8.14199712585997e-05,36793.580582817725,0.12353256130828835
0.0,12.589254117941675,1.0,prep_z-_measure_z+,0.26238352364358597,0.26744183804380167,0.005058314400215702,6.556395979477863e-05,45691.75325790137,0.12443773743662985
0.0,14.125375446227547,1.0,prep_z-_measure_z+,0.2629051434451206,0.26744183804380167,0.004536694598681057,5.2716929288582244e-05,56826.759714223816,0.1252557297970608
0.0,15.848931924611142,1.0,prep_z-_measure_z+,0.26337576322664374,0.26744183804380167,0.0040660748171579275,4.2330888031820967e-05,70769.41715236494,0.1259938831601729
0.0,17.78279410038923,1.0,prep_z-_measure_z+,0.2637997880987919,0.26744183804380167,0.003642049945009773,3.395084569445678e-05,88237.33878426216,0.12665913412923036
0.0,19.952623149688797,1.0,prep_z-_measure_z+,0.2641813685404856,0.26744183804380167,0.003260469503316099,2.7201085873497684e-05,110132.81923692486,0.1272579883411235
0.0,22.3872113856834,1.0,prep_z-_measure_z+,0.26452438481491936,0.26744183804380167,0.0029174532288823163,2.1772811059044776e-05,137590.5144002761,0.12779651051369165
0.0,25.11886431509581,1.0,prep_z-_measure_z+,0.26483244117140653,0.26744183804380167,0.002609396872395142,1.741325667670981e-05,172037.44992519266,0.12828032468599546
0.0,28.18382931264455,1.0,prep_z-_measure_z+,0.26510886733374983,0.26744183804380167,0.0023329707100518404,1.3916256201038351e-05,215268.54854328325,0.12871462233373746
0.0,31.622776601683793,1.0,prep_z-_measure_z+,0.265356725276794,0.26744183804380167,0.0020851127670076797,1.1114170317802399e-05,269541.6920825392,0.12910417637856478
0.0,35.48133892335755,1.0,prep_z-_measure_z+,0.26557881971182373,0.26744183804380167,0.0018630183319779392,8.871055882940125e-06,337697.37369314354,0.1294533594305804
0.0,39.810717055349734,1.0,prep_z-_measure_z+,0.2657777110469893,0.26744183804380167,0.0016641269968123984,7.076934627001184e-06,423309.30430304364,0.1297661648976462
0.0,44.668359215096324,1.0,prep_z-_measure_z+,0.26595572987044575,0.26744183804380167,0.0014861081733559267,5.643019545479655e-06,530873.9850021828,0.1300462298575168
0.0,50.11872336272725,1.0,prep_z-_measure_z+,0.26611499223116863,0.26744183804380167,0.0013268458126330374,4.497763356504968e-06,666049.3307682276,0.13029685881751865
0.0,56.23413251903491,1.0,prep_z-_measure_z+,0.26625741517422064,0.26744183804380167,0.0011844228695810366,3.5836045259021385e-06,835955.0424442674,0.13052104768184858
0.0,63.09573444801933,1.0,prep_z-_measure_z+,0.266384732131411,0.26744183804380167,0.0010571059123906656,2.854299697382847e-06,1049550.7098644285,0.1307215074105877
0.0,70.79457843841381,1.0,prep_z-_measure_z+,0.2664985078817861,0.26744183804380167,0.0009433301620155876,2.2727452598402713e-06,1318111.7683926139,0.13090068699005541
0.0,79.43282347242817,1.0,prep_z-_measure_z+,0.2666001528847826,0.26744183804380167,0.0008416851590190566,1.8092042877160524e-06,1655828.6390841007,0.13106079544448673
0.0,89.12509381337459,1.0,prep_z-_measure_z+,0.26669093685725154,0.26744183804380167,0.0007509011865501347,1.4398675919490185e-06,2080560.9420647763,0.13120382270751257
0.0,100.0,1.0,prep_z-_measure_z+,0.26677200151761427,0.26744183804380167,0.0006698365261874062,1.1456888680434762e-06,2614786.926113617,0.13133155924186543
0.0,112.20184543019641,1.0,prep_z-_measure_z+,0.2668443724598039,0.26744183804380167,0.0005974655839977583,9.114438044668417e-07,3286798.6582084177,0.1314456143500872
0.0,125.89254117941675,1.0,prep_z-_measure_z+,0.2669089701486667,0.26744183804380167,0.0005328678951349586,7.249715646930792e-07,4132206.584988269,0.13154743316050213
0.0,141.2537544622754,1.0,prep_z-_measure_z+,0.2669666200498625,0.26744183804380167,0.00047521799393918096,5.765643229690672e-07,5195833.585621829,0.13163831230369266
0.0,158.48931924611142,1.0,prep_z-_measure_z+,0.2670180619219838,0.26744183804380167,0.00042377612181787594,4.5847669760006905e-07,6534099.310249306,0.1317194143172113
0.0,177.82794100389228,1.0,prep_z-_measure_z+,0.2670639583089084,0.26744183804380167,0.00037787973489328275,3.645320429212064e-07,8218021.794593016,0.13179178083200277
0.0,199.52623149688807,1.0,prep_z-_measure_z+,0.2671049022769701,0.26744183804380167,0.0003369357668315809,2.898068495494092e-07,10336996.100029195,0.1318563446044406
0.0,223.872113856834,1.0,prep_z-_measure_z+,0.2671414244449275,0.26744183804380167,0.00030041359887417185,2.3037801099537892e-07,13003551.253049413,0.13191394046415894
0.0,251.18864315095823,1.0,prep_z-_measure_z+,0.2671739993564152,0.26744183804380167,0.0002678386873864458,1.831206229598709e-07,16359338.588589644,0.13196531525100755
0.0,281.8382931264455,1.0,prep_z-_measure_z+,0.2672030512448965,0.26744183804380167,0.00023878679890515508,1.455463351620126e-07,20582670.59915551,0.13201113681520385
0.0,316.22776601683796,1.0,prep_z-_measure_z+,0.2672289592395253,0.26744183804380167,0.00021287880427639516,1.1567422005258517e-07,25898011.43411332,0.13205200215375423
0.0,354.81338923357566,1.0,prep_z-_measure_z+,0.26725206205925606,0.26744183804380167,0.00018977598454561484,9.19276792950318e-08,32587924.513350513,0.13208844475398232
0.0,398.1071705534973,1.0,prep_z-_measure_z+,0.2672726622393041,0.26744183804380167,0.00016917580449754555,7.305218436724423e-08,41008113.5766454,0.13212094121187035
0.0,446.6835921509635,1.0,prep_z-_measure_z+,0.2672910299327069,0.26744183804380167,0.0001508081110947468,5.804967454243874e-08,51606357.78179742,0.13214991718926125
0.0,501.18723362727246,1.0,prep_z-_measure_z+,0.2673074063254857,0.26744183804380167,0.00013443171831595269,4.612626166759044e-08,64946348.679690935,0.13217575276997176
0.0,562.341325190349,1.0,prep_z-_measure_z+,0.26732200670238015,0.26744183804380167,0.00011983134142151686,3.6650557129391174e-08,81737700.82069568,0.13219878727070813
0.0,630.9573444801937,1.0,prep_z-_measure_z+,0.2673350231963151,0.26744183804380167,0.00010681484748659154,2.9120478912215758e-08,102873729.60399048,0.13221932355850835
0.0,707.945784384138,1.0,prep_z-_measure_z+,0.2673466272528162,0.26744183804380167,9.521079098545604e-05,2.3136817373697253e-08,129479012.82912163,0.13223763192233576
0.0,794.3282347242822,1.0,prep_z-_measure_z+,0.2673569718373159,0.26744183804380167,8.486620648578969e-05,1.8382191887403375e-08,162969263.5080615,0.13225395354250039
0.0,891.2509381337459,1.0,prep_z-_measure_z+,0.26736619341089113,0.26744183804380167,7.564463291054313e-05,1.4604301386468175e-08,205126708.5140909,0.13226850359779066
0.0,1000.0,1.0,prep_z-_measure_z+,0.26737441369855874,0.26744183804380167,6.742434524292795e-05,1.160259664911747e-08,258194985.497652,0.13228147404665774
0.0,1122.018454301964,1.0,prep_z-_measure_z+,0.26738174127024744,0.26744183804380167,6.0096773554230154e-05,9.21767765383523e-09,324998593.57823676,0.1322930361154534
0.0,1258.9254117941675,1.0,prep_z-_measure_z+,0.2673882729546133,0.26744183804380167,5.356508918835656e-05,7.322858099808043e-09,409093312.02696925,0.1323033425236682
0.0,1412.5375446227554,1.0,prep_z-_measure_z+,0.26739409510240797,0.26744183804380167,4.77429413937025e-05,5.817458659537571e-09,514955489.8241634,0.13231252947315048
0.0,1584.893192461114,1.0,prep_z-_measure_z+,0.2673992847150108,0.26744183804380167,4.255332879088414e-05,4.621471233933123e-09,648220473.9386553,0.13232071842584447
0.0,1778.2794100389228,1.0,prep_z-_measure_z+,0.26740391045300815,0.26744183804380167,3.792759079351837e-05,3.6713188089732116e-09,815982601.7375572,0.13232801769194735
0.0,1995.262314968881,1.0,prep_z-_measure_z+,0.2674080335364405,0.26744183804380167,3.380450736117924e-05,2.9164826013890243e-09,1027173031.0090733,0.13233452384845162
0.0,2238.72113856834,1.0,prep_z-_measure_z+,0.267411708548204,0.26744183804380167,3.012949559766387e-05,2.3168218709073048e-09,1293035218.275462,0.1323403230057542
0.0,2511.886431509582,1.0,prep_z-_measure_z+,0.26741498415188963,0.26744183804380167,2.6853891912037575e-05,1.840442612861885e-09,1627723816.3354805,0.1323454919385156
0.0,2818.382931264455,1.0,prep_z-_measure_z+,0.26741790373233265,0.26744183804380167,2.3934311469020475e-05,1.462004375666449e-09,2049058349.902953,0.13235009909499876
0.0,3162.2776601683795,1.0,prep_z-_measure_z+,0.2674205059663085,0.26744183804380167,2.133207749316357e-05,1.1613742818831943e-09,2579471855.271622,0.13235420549788254
0.0,3548.1338923357566,1.0,prep_z-_measure_z+,0.2674228253332699,0.26744183804380167,1.9012710531784993e-05,9.225569820410441e-10,3247205681.4596977,0.13235786554806503
0.0,3981.0717055349733,1.0,prep_z-_measure_z+,0.2674248925693976,0.26744183804380167,1.6945474404062022e-05,7.328445532132856e-10,4087814067.005993,0.13236112774183834
0.0,4466.835921509635,1.0,prep_z-_measure_z+,0.2674267350730948,0.26744183804380167,1.5102970706892815e-05,5.821413848053277e-10,5146056184.53975,0.1323640353106182
0.0,5011.872336272725,1.0,prep_z-_measure_z+,0.26742837726811464,0.26744183804380167,1.3460775687035298e-05,4.624272910883862e-10,6478277409.845607,0.13236662679167227
0.0,5623.413251903491,1.0,prep_z-_measure_z+,0.2674298409250909,0.26744183804380167,1.1997118710749266e-05,3.673301189419532e-10,8155422381.8695,0.13236893653713316
0.0,6309.573444801937,1.0,prep_z-_measure_z+,0.2674311454499752,0.26744183804380167,1.0692593826466812e-05,2.9178867312362213e-10,10266787402.966766,0.13237099516786535
0.0,7079.457843841381,1.0,prep_z-_measure_z+,0.2674323081395018,0.26744183804380167,9.529904299865333e-06,2.3178157073630362e-10,12924807887.17329,0.13237282997842473
0.0,7943.282347242822,1.0,prep_z-_measure_z+,0.2674333444125231,0.26744183804380167,8.493631278583269e-06,1.8411467966028257e-10,16271012605.195509,0.1323744652979106
0.0,8912.509381337459,1.0,prep_z-_measure_z+,0.26743426801158077,0.26744183804380167,7.57003222090491e-06,1.4625025395579075e-10,20483603908.541283,0.13237592281197258
0.0,10000.0,1.0,prep_z-_measure_z+,0.26743509118563885,0.26744183804380167,6.7468581628205015e-06,1.1617276122937104e-10,25786873289.85173,0.13237722184981898
0.4,1.0,1.0,prep_z-_measure_z+,0.24492993360983384,0.27697070352452313,0.03204076991468929,0.0026288702116406652,1139.5512263362627,0.08455397095206349
0.4,1.1220184543019633,1.0,prep_z-_measure_z+,0.2465529782329568,0.27697070352452313,0.030417725291566333,0.0023660687178135263,1266.1222605243408,0.08735363414868097
0.4,1.2589254117941673,1.0,prep_z-_measure_z+,0.24821059209293633,0.27697070352452313,0.0287601114315868,0.002112306415531961,1418.2280807017996,0.09016417088072773
0.4,1.4125375446227544,1.0,prep_z-_measure_z+,0.24988965954147468,0.27697070352452313,0.027081043983048447,0.001870271529216646,1601.763287712955,0.09296127685518395
0.4,1.5848931924611136,1.0,prep_z-_measure_z+,0.251576046843252,0.27697070352452313,0.02539465668127111,0.0016423205041096872,1824.0850467722785,0.09572186218898472
0.4,1.7782794100389228,1.0,prep_z-_measure_z+,0.2532550879508706,0.27697070352452313,0.023715615573652538,0.0014303683038007498,2094.378256001467,0.09842469898412996
0.4,1.9952623149688797,1.0,prep_z-_measure_z+,0.25491214097938686,0.27697070352452313,0.022058562545136273,0.0012358076293417196,2424.10890046838,0.10105092553107844
0.4,2.23872113856834,1.0,prep_z-_measure_z+,0.25653317165057693,0.27697070352452313,0.020437531873946202,0.0010594658706207134,2827.587331150997,0.10358439327484685
0.4,2.51188643150958,1.0,prep_z-_measure_z+,0.2581053110605456,0.27697070352452313,0.01886539246397756,0.0009016039684655516,3322.669795533904,0.10601185692709356
0.4,2.8183829312644537,1.0,prep_z-_measure_z+,0.2596173338365726,0.27697070352452313,0.017353369687950537,0.0007619557879722516,3931.6353006863533,0.10832301985604895
0.4,3.1622776601683795,1.0,prep_z-_measure_z+,0.26106001075916774,0.27697070352452313,0.015910692765355394,0.0006398012122315871,4682.286023036846,0.11051045528942023
0.4,3.548133892335755,1.0,prep_z-_measure_z+,0.26242630666347455,0.27697070352452313,0.01454439686104858,0.0005340621204699848,5609.332994666781,0.11256942872007603
0.4,3.981071705534973,1.0,prep_z-_measure_z+,0.2637114167488516,0.27697070352452313,0.013259286775671508,0.00044340854550353574,6756.1446524492,0.11449764851624585
0.4,4.466835921509632,1.0,prep_z-_measure_z+,0.264912657219035,0.27697070352452313,0.012058046305488124,0.0003663628476126557,8176.9543311370035,0.11629497073798657
0.4,5.011872336272724,1.0,prep_z-_measure_z+,0.26602924399570504,0.27697070352452313,0.010941459528818087,0.000301392280969974,9939.644983318065,0.11796308132183614
0.4,5.623413251903491,1.0,prep_z-_measure_z+,0.267062002254074,0.27697070352452313,0.009908701270449127,0.00024698398186787096,12129.257334415388,0.11950517488031753
0.4,6.309573444801933,1.0,prep_z-_measure_z+,0.2680130488812018,0.27697070352452313,0.008957654643321322,0.00020170016061364822,14852.404006223096,0.12092564503004663
0.4,7.07945784384138,1.0,prep_z-_measure_z+,0.2688854818739823,0.27697070352452313,0.00808522165054082,0.00016421432296250156,18242.819624437194,0.12222979691331116
0.4,7.943282347242816,1.0,prep_z-_measure_z+,0.26968309914031396,0.27697070352452313,0.0072876043842091676,0.00013333128013543003,22468.33804123911,0.12342358874900017
0.4,8.912509381337456,1.0,prep_z-_measure_z+,0.27041015798382784,0.27697070352452313,0.006560545540695295,0.00010799453675541023,27739.665019711407,0.12451340602647742
0.4,10.0,1.0,prep_z-_measure_z+,0.2710711780853412,0.27697070352452313,0.00589952543918193,8.728464717019414e-05,34321.41127537226,0.125505869408632
0.4,11.220184543019636,1.0,prep_z-_measure_z+,0.2716707856164838,0.27697070352452313,0.005299917908039353,7.041165533323672e-05,42545.97139317505,0.12640767552184526
0.4,12.589254117941675,1.0,prep_z-_measure_z+,0.27221359362964953,0.27697070352452313,0.004757109894873601,5.670407719646914e-05,52830.98538354363,0.12722546851242914
0.4,14.125375446227547,1.0,prep_z-_measure_z+,0.272704113095792,0.27697070352452313,0.004266590428731121,4.559623360342671e-05,65701.30988470178,0.12796573944595335
0.4,15.848931924611142,1.0,prep_z-_measure_z+,0.273146689098297,0.27697070352452313,0.003824014426226152,3.661518409442486e-05,81816.66561687806,0.12863475021481047
0.4,17.78279410038923,1.0,prep_z-_measure_z+,0.27354545723126666,0.27697070352452313,0.0034252462932564676,2.936807306929551e-05,102006.4294475638,0.1292384785020328
0.4,19.952623149688797,1.0,prep_z-_measure_z+,0.2739043159273983,0.27697070352452313,0.0030663875971248533,2.353037321865944e-05,127313.4193714528,0.1297825804392409
0.4,22.3872113856834,1.0,prep_z-_measure_z+,0.27422691112590525,0.27697070352452313,0.0027437923986178836,1.8835279010440652e-05,159048.99905615498,0.1302723678219761
0.4,25.11886431509581,1.0,prep_z-_measure_z+,0.2745166303257336,0.27697070352452313,0.0024540731987895414,1.5064345043549685e-05,198862.43078564617,0.1307127970502358
0.4,28.18382931264455,1.0,prep_z-_measure_z+,0.2747766036296855,0.27697070352452313,0.0021940998948376533,1.203936173847656e-05,248828.16370405577,0.13110846730359277
0.4,31.622776601683793,1.0,prep_z-_measure_z+,0.27500970986470047,0.27697070352452313,0.001960993659822663,9.615398745355455e-06,311555.6986132297,0.13146362580883555
0.4,35.48133892335755,1.0,prep_z-_measure_z+,0.2752185862654062,0.27697070352452313,0.0017521172591169476,7.674912525703704e-06,390327.8719491745,0.1317821783935162
0.4,39.810717055349734,1.0,prep_z-_measure_z+,0.2754056405397517,0.27697070352452313,0.001565062984771437,6.1227996522080635e-06,489274.91404583864,0.1320677038287069
0.4,44.668359215096324,1.0,prep_z-_measure_z+,0.27557306440544904,0.27697070352452313,0.00139763911907409,4.88227478684421e-06,613593.5407868272,0.1323234707419775
0.4,50.11872336272725,1.0,prep_z-_measure_z+,0.27572284790401647,0.27697070352452313,0.001247855620506666,3.891457264865736e-06,769822.7346863464,0.13255245612448024
0.4,56.23413251903491,1.0,prep_z-_measure_z+,0.27585679397325413,0.27697070352452313,0.001113909551268999,3.100559432000962e-06,966190.8888553958,0.13275736466422347
0.4,63.09573444801933,1.0,prep_z-_measure_z+,0.2759765328969406,0.27697070352452313,0.000994170627582558,2.469581132029169e-06,1213052.7864425743,0.13294064831302713
0.4,70.79457843841381,1.0,prep_z-_measure_z+,0.2760835363589703,0.27697070352452313,0.0008871671655528157,1.9664265888995683e-06,1523439.6699397927,0.13310452564017372
0.4,79.43282347242817,1.0,prep_z-_measure_z+,0.2761791309136489,0.27697070352452313,0.0007915726108742582,1.565371469940016e-06,1913751.6756126808,0.13325100064480028
0.4,89.12509381337459,1.0,prep_z-_measure_z+,0.2762645107488064,0.27697070352452313,0.0007061927757167075,1.245818654495301e-06,2404629.4882039675,0.13338188079510238
0.4,100.0,1.0,prep_z-_measure_z+,0.2763407496683323,0.27697070352452313,0.0006299538561908569,9.9129090469865e-07,3022051.6090225666,0.13349879413884388
0.4,112.20184543019641,1.0,prep_z-_measure_z+,0.2764088122579314,0.27697070352452313,0.0005618912665917297,7.886171404484924e-07,3798715.650347513,0.13360320538962575
0.4,125.89254117941675,1.0,prep_z-_measure_z+,0.27646956422564184,0.27697070352452313,0.0005011392988812924,6.272763906120093e-07,4775777.182736259,0.13369643093968595
0.4,141.2537544622754,1.0,prep_z-_measure_z+,0.27652378192901594,0.27697070352452313,0.00044692159550718813,4.98869769421993e-07,6005038.703838369,0.13377965278514223
0.4,158.48931924611142,1.0,prep_z-_measure_z+,0.2765721611146716,0.27697070352452313,0.0003985424098515433,3.9669613269212745e-07,7551705.26423799,0.13385393137571136
0.4,177.82794100389228,1.0,prep_z-_measure_z+,0.27661532490579616,0.27697070352452313,0.00035537861872697585,3.154115074486402e-07,9497853.447981123,0.1339202174197957
0.4,199.52623149688807,1.0,prep_z-_measure_z+,0.2766538310795468,0.27697070352452313,0.00031687244497635714,2.5075607400150846e-07,11946798.439410763,0.13397936268898375
0.4,223.872113856834,1.0,prep_z-_measure_z+,0.2766881786792146,0.27697070352452313,0.0002825248453085516,1.9933553014499835e-07,15028591.598170532,0.13403212987466193
0.4,251.18864315095823,1.0,prep_z-_measure_z+,0.27671881400801185,0.27697070352452313,0.00025188951651128333,1.5844616108907916e-07,18906941.341859184,0.13407920155463213
0.4,281.8382931264455,1.0,prep_z-_measure_z+,0.276746136051447,0.27697070352452313,0.00022456747307614267,1.2593499304990562e-07,23787925.825880975,0.1341211883301979
0.4,316.22776601683796,1.0,prep_z-_measure_z+,0.27677050137373327,0.27697070352452313,0.00020020215078986325,1.0008807406998508e-07,29930961.31971997,0.13415863619475507
0.4,354.81338923357566,1.0,prep_z-_measure_z+,0.2767922285328988,0.27697070352452313,0.00017847499162432223,7.954128164623783e-08,37662610.050433904,0.13419203319406872
0.4,398.1071705534973,1.0,prep_z-_measure_z+,0.27681160205611066,0.27697070352452313,0.0001591014684124703,6.320915281208335e-08,47393963.37837505,0.13422181543652867
0.4,446.6835921509635,1.0,prep_z-_measure_z+,0.2768288760150332,0.27697070352452313,0.0001418275094899335,5.022812581050658e-08,59642525.48175612,0.13424837250906213
0.4,501.18723362727246,1.0,prep_z-_measure_z+,0.2768442772380428,0.27697070352452313,0.00012642628648035226,3.9911294514395406e-08,75059762.15513319,0.13427205235136086
0.4,562.341325190349,1.0,prep_z-_measure_z+,0.2768580081936265,0.27697070352452313,0.00011269533089663941,3.1712353024292345e-08,94465783.45224637,0.13429316563772614
0.4,630.9573444801937,1.0,prep_z-_measure_z+,0.27687024957630835,0.27697070352452313,0.00010045394821478482,2.5196875765704212e-08,118893004.88719796,0.13431198971245006
0.4,707.945784384138,1.0,prep_z-_measure_z+,0.2768811626245833,0.27697070352452313,8.954089993984393e-05,2.0019446338057035e-08,149641115.09213388,0.13432877212114608
0.4,794.3282347242822,1.0,prep_z-_measure_z+,0.27689089119647725,0.27697070352452313,7.981232804588068e-05,1.5905450418166826e-08,188346270.91932818,0.1343437337771126
0.4,891.2509381337459,1.0,prep_z-_measure_z+,0.2768995636285414,0.27697070352452313,7.11398959817311e-05,1.263658351325107e-08,237068213.12996376,0.134357071798556
0.4,1000.0,1.0,prep_z-_measure_z+,0.2769072943981845,0.27697070352452313,6.34091263386205e-05,1.0039319212106282e-08,298399942.29304683,0.1343689620493137
0.4,1122.018454301964,1.0,prep_z-_measure_z+,0.27691418561089065,0.27697070352452313,5.6517913632481154e-05,7.975735542359785e-09,375605767.9750553,0.13437956141291948
0.4,1258.9254117941675,1.0,prep_z-_measure_z+,0.27692032832986235,0.27697070352452313,5.037519466077889e-05,6.3362162722502865e-09,472795142.2166444,0.13438900982700108
0.4,1412.5375446227554,1.0,prep_z-_measure_z+,0.27692580376401416,0.27697070352452313,4.489976050897626e-05,5.03364764624435e-09,595141433.0300083,0.13439743210251545
0.4,1584.893192461114,1.0,prep_z-_measure_z+,0.2769306843300167,0.27697070352452313,4.0019194506413225e-05,3.998801609087497e-09,749157514.2777838,0.1344049395500288
0.4,1778.2794100389228,1.0,prep_z-_measure_z+,0.2769350345996747,0.27697070352452313,3.566892484840878e-05,3.1766679500240926e-09,943042307.437663,0.13441163143289206
0.4,1995.262314968881,1.0,prep_z-_measure_z+,0.2769389121477912,0.27697070352452313,3.179137673192667e-05,2.5235341719718357e-09,1187117775.8663714,0.13441759626557653
0.4,2238.72113856834,1.0,prep_z-_measure_z+,0.2769423683068437,0.27697070352452313,2.8335217679420488e-05,2.004668234278868e-09,1494378083.280017,0.13442291297313216
0.4,2511.886431509582,1.0,prep_z-_measure_z+,0.2769454488430164,0.27697070352452313,2.5254681506714505e-05,1.5924734574530874e-09,1881181918.3129098,0.13442765192655445
0.4,2818.382931264455,1.0,prep_z-_measure_z+,0.27694819455699926,0.27697070352452313,2.2508967523870993e-05,1.2650237927459265e-09,2368123264.3469086,0.13443187586708982
0.4,3162.2776601683795,1.0,prep_z-_measure_z+,0.27695064182313656,0.27697070352452313,2.0061701386575592e-05,1.0048986685735363e-09,2981128712.018758,0.13443564073120629
0.4,3548.1338923357566,1.0,prep_z-_measure_z+,0.27695282306732183,0.27697070352452313,1.788045720130249e-05,7.982580477196007e-10,3752836920.481989,0.1344389963868776
0.4,3981.0717055349733,1.0,prep_z-_measure_z+,0.2769547671949498,0.27697070352452313,1.5936329573307262e-05,6.341062013849336e-10,4724338394.753269,0.1344419872905336
0.4,4466.835921509635,1.0,prep_z-_measure_z+,0.2769564999734598,0.27697070352452313,1.4203551063352027e-05,5.037078621569703e-10,5947360560.793533,0.13444465307313755
0.4,5011.872336272725,1.0,prep_z-_measure_z+,0.27695804437229377,0.27697070352452313,1.26591522293662e-05,4.0012314137631024e-10,7487025777.238278,0.13444702906316575
0.4,5623.413251903491,1.0,prep_z-_measure_z+,0.276959420865133,0.27697070352452313,1.1282659390154937e-05,3.1783890660174157e-10,9425316445.943172,0.1344491467529338
0.4,6309.573444801937,1.0,prep_z-_measure_z+,0.27696064770237194,0.27697070352452313,1.0055822151189275e-05,2.5247516899948134e-10,11865453087.626787,0.13445103421455218
0.4,7079.457843841381,1.0,prep_z-_measure_z+,0.2769617411511687,0.27697070352452313,8.962373354404196e-06,2.0055302800143626e-10,14937357482.992165,0.13445271647102802
0.4,7943.282347242822,1.0,prep_z-_measure_z+,0.2769627157116874,0.27697070352452313,7.987812835730246e-06,1.5930840884311067e-10,18804608591.02694,0.134454215827007
0.4,8912.509381337459,1.0,prep_z-_measure_z+,0.2769635843075304,0.27697070352452313,7.1192169927569715e-06,1.2654551767292302e-10,23673159892.529236,0.1344555521638012
0.4,10000.0,1.0,prep_z-_measure_z+,0.27696435845977596,0.27697070352452313,6.345064747170781e-06,1.0052040382929834e-10,29802230785.31679,0.1344567432026083
0.8,1.0,1.0,prep_y-_measure_z+,0.23783898720446092,0.2626881029157542,0.02484911571129325,0.001628335974504888,1839.7507151218429,0.10840263672208791
0.8,1.1220184543019633,1.0,prep_y-_measure_z+,0.23902596153782235,0.2626881029157542,0.023662141377931822,0.0014749194974599672,2031.1157854466576,0.1094750977847448
0.8,1.2589254117941673,1.0,prep_y-_measure_z+,0.24024228221647817,0.2626881029157542,0.022445820699276003,0.0013257452563426898,2259.659055328823,0.11066601694488037
0.8,1.4125375446227544,1.0,prep_y-_measure_z+,0.24147894700900993,0.2626881029157542,0.021209155906744243,0.0011823856380551133,2533.633847651957,0.11195604645903845
0.8,1.5848931924611136,1.0,prep_y-_measure_z+,0.24272614680189525,0.2626881029157542,0.019961956113858925,0.0010462611311748866,2863.2739803589648,0.11332405480609659
0.8,1.7782794100389228,1.0,prep_y-_measure_z+,0.2439735826643461,0.2626881029157542,0.018714520251408073,0.0009185758639256927,3261.279107368673,0.1147481369571314
0.8,1.9952623149688797,1.0,prep_y-_measure_z+,0.24521083494742046,0.2626881029157542,0.01747726796833371,0.0008002664405867693,3743.4185936342246,0.11620656809612602
0.8,2.23872113856834,1.0,prep_y-_measure_z+,0.2464277565238373,0.2626881029157542,0.01626034639191687,0.0006919693962824311,4329.284343568377,0.11767863448354103
0.8,2.51188643150958,1.0,prep_y-_measure_z+,0.2476148561304095,0.2626881029157542,0.015073246785344663,0.0005940104061610951,5043.2319745279865,0.1191452976429829
0.8,2.8183829312644537,1.0,prep_y-_measure_z+,0.24876363649517202,0.2626881029157542,0.013924466420582149,0.0005064155675823453,5915.561182006657,0.12058967157664957
0.8,3.1622776601683795,1.0,prep_y-_measure_z+,0.24986685659867874,0.2626881029157542,0.01282124631707543,0.0004289421769271169,6984.000256200048,0.12199731367727835
0.8,3.548133892335755,1.0,prep_y-_measure_z+,0.2509186976768504,0.2626881029157542,0.011769405238903796,0.00036112405730224194,8295.57658366338,0.12335634612680481
0.8,3.981071705534973,1.0,prep_y-_measure_z+,0.25191482642464147,0.2626881029157542,0.010773276491112704,0.0003023251447127947,9908.974909777688,0.12465743497275147
0.8,4.466835921509632,1.0,prep_y-_measure_z+,0.2528523631010348,0.2626881029157542,0.009835739814719358,0.00025179491409049737,11897.50906754732,0.12589365900865446
0.8,5.011872336272724,1.0,prep_y-_measure_z+,0.2537297734831284,0.2626881029157542,0.008958329432625756,0.00020872019386814974,14352.86264369043,0.12706030104007388
0.8,5.623413251903491,1.0,prep_y-_measure_z+,0.2545467095400208,0.2626881029157542,0.008141393375733386,0.00017226958255426444,17389.792377364956,0.12815459139570412
0.8,6.309573444801933,1.0,prep_y-_measure_z+,0.25530382384571304,0.2626881029157542,0.007384279070041133,0.00014162853996576089,21152.038101065067,0.12917542894190998
0.8,7.07945784384138,1.0,prep_y-_measure_z+,0.256002578516481,0.2626881029157542,0.006685524399273168,0.00011602484670954726,25819.747739494174,0.13012309947300116
0.8,7.943282347242816,1.0,prep_y-_measure_z+,0.25664506321014985,0.2626881029157542,0.006043039705604325,9.474526256959565e-05,31618.80807869902,0.13099900598379216
0.8,8.912509381337456,1.0,prep_y-_measure_z+,0.25723383065460415,0.2626881029157542,0.005454272261150028,7.714482693851107e-05,38832.57494299345,0.13180542049820598
0.8,10.0,1.0,prep_y-_measure_z+,0.25777175353033277,0.2626881029157542,0.0049163493854214035,6.265043363308173e-05,47816.62471961143,0.13254526309291906
0.8,11.220184543019636,1.0,prep_y-_measure_z+,0.25826190355004125,0.2626881029157542,0.004426199365712924,5.0760231090670425e-05,59017.30959819443,0.13322191059942395
0.8,12.589254117941675,1.0,prep_y-_measure_z+,0.258707451891605,0.2626881029157542,0.003980651024149184,4.1040182914655644e-05,72995.1004308073,0.13383903515193935
0.8,14.125375446227547,1.0,prep_y-_measure_z+,0.2591115892616226,0.2626881029157542,0.0035765136541315856,3.311886444550558e-05,90453.95498034744,0.13440047116548262
0.8,15.848931924611142,1.0,prep_y-_measure_z+,0.2594774634417743,0.2626881029157542,0.0032106394739798705,2.668131860537274e-05,112278.2692213251,0.13491010834309508
0.8,17.78279410038923,1.0,prep_y-_measure_z+,0.25980813200782016,0.2626881029157542,0.0028799709079340152,2.1462571610479306e-05,139579.3723102266,0.13537180778633034
0.8,19.952623149688797,1.0,prep_y-_measure_z+,0.26010652791727096,0.2626881029157542,0.002581574998483216,1.7241224382518947e-05,173754.03318753827,0.13578933809405108
0.8,22.3872113856834,1.0,prep_y-_measure_z+,0.2603754357809525,0.2626881029157542,0.0023126671348016603,1.3833389165829324e-05,216558.08548738924,0.1361663283763896
0.8,25.11886431509581,1.0,prep_y-_measure_z+,0.26061747682458897,0.2626881029157542,0.0020706260911652064,1.1087129746457404e-05,270199.08146300865,0.1365062353000624
0.8,28.18382931264455,1.0,prep_y-_measure_z+,0.2608351007752662,0.2626881029157542,0.001853002140487947,8.877482735381633e-06,337452.8977245268,0.13681232155501816
0.8,31.622776601683793,1.0,prep_y-_measure_z+,0.26103058314917127,0.2626881029157542,0.0016575197665829045,7.1020810188721e-06,421810.48985410633,0.13708764344515761
0.8,35.48133892335755,1.0,prep_y-_measure_z+,0.2612060266529537,0.2626881029157542,0.001482076262800447,5.677363321424317e-06,527662.596869427,0.1373350456263332
0.8,39.810717055349734,1.0,prep_y-_measure_z+,0.26136336563079926,0.2626881029157542,0.0013247372849549133,4.535331059319454e-06,660532.2157019147,0.13755716132286858
0.8,44.668359215096324,1.0,prep_y-_measure_z+,0.26150437268626325,0.2626881029157542,0.0011837302294909202,3.620801313267445e-06,827367.208075445,0.13775641663742483
0.8,50.11872336272725,1.0,prep_y-_measure_z+,0.26163066678000535,0.2626881029157542,0.0010574361357488238,2.8890996452634547e-06,1036908.6017733433,0.1379350378221259
0.8,56.23413251903491,1.0,prep_y-_measure_z+,0.26174372225135256,0.2626881029157542,0.0009443806644016117,2.3041361747623947e-06,1300154.1776769832,0.13809506059927712
0.8,63.09573444801933,1.0,prep_y-_measure_z+,0.26184487833498915,0.2626881029157542,0.0008432245807650229,1.8368110365607872e-06,1630942.0043354854,0.13823834080832903
0.8,70.79457843841381,1.0,prep_y-_measure_z+,0.2619353488456966,0.2626881029157542,0.000752754070057593,1.4636997489956682e-06,2046684.9677398263,0.13836656581396606
0.8,79.43282347242817,1.0,prep_y-_measure_z+,0.2620162317871204,0.2626881029157542,0.0006718711286337609,1.1659742578031419e-06,2569295.3798125596,0.13848126624129098
0.8,89.12509381337459,1.0,prep_y-_measure_z+,0.2620885187071426,0.2626881029157542,0.0005995842086115588,9.285208739385738e-07,3226348.871239456,0.1385838277112752
0.8,100.0,1.0,prep_y-_measure_z+,0.2621531036755461,0.2626881029157542,0.0005349992402080561,7.392216358345031e-07,4052549.503873931,0.13867550233626513
0.8,112.20184543019641,1.0,prep_y-_measure_z+,0.2622107918011872,0.2626881029157542,0.0004773111145669473,5.883705548292138e-07,5091574.092152796,0.1387574198044999
0.8,125.89254117941675,1.0,prep_y-_measure_z+,0.2622623072381807,0.2626881029157542,0.0004257956775734484,4.682006652159936e-07,6398393.885604538,0.13883059793719044
0.8,141.2537544622754,1.0,prep_y-_measure_z+,0.26230830065499217,0.2626881029157542,0.00037980226076200774,3.7250171764074275e-07,8042197.207915182,0.13889595264423477
0.8,158.48931924611142,1.0,prep_y-_measure_z+,0.2623493561592586,0.2626881029157542,0.0003387467564955893,2.963117652053388e-07,10110068.601150552,0.13895430723735486
0.8,177.82794100389228,1.0,prep_y-_measure_z+,0.26238599768405924,0.2626881029157542,0.00030210523169493797,2.3566879607452452e-07,12711620.390366247,0.1390064010841679
0.8,199.52623149688807,1.0,prep_y-_measure_z+,0.262418694851698,0.2626881029157542,0.0002694080640561758,1.8741103580062783e-07,15984823.202945849,0.139052897605076
0.8,223.872113856834,1.0,prep_y-_measure_z+,0.2624478683372553,0.2626881029157542,0.00024023457849886576,1.490166021359408e-07,20103345.738759536,0.13909439162814277
0.8,251.18864315095823,1.0,prep_y-_measure_z+,0.2624738947588744,0.2626881029157542,0.00021420815687978045,1.184749100491809e-07,25285794.876825925,0.13913141612645183
0.8,281.8382931264455,1.0,prep_y-_measure_z+,0.26249711112391017,0.2626881029157542,0.0001909917918440085,9.418365561885962e-08,31807347.6111084,0.1391644483686799
0.8,316.22776601683796,1.0,prep_y-_measure_z+,0.26251781886178577,0.2626881029157542,0.00017028405396840585,7.486636498805067e-08,40014394.6354566,0.13919391551742724
0.8,354.81338923357566,1.0,prep_y-_measure_z+,0.2625362874742232,0.2626881029157542,0.00015181544153097803,5.950646129649251e-08,50342974.666695036,0.13922019971193017
0.8,398.1071705534973,1.0,prep_y-_measure_z+,0.26255275783297677,0.2626881029157542,0.00013534508277740498,4.7294577325837986e-08,63341982.16668196,0.13924364267243597
0.8,446.6835921509635,1.0,prep_y-_measure_z+,0.26256744515458014,0.2626881029157542,0.0001206577611740367,3.758648364162625e-08,79702381.90188879,0.1392645498632182
0.8,501.18723362727246,1.0,prep_y-_measure_z+,0.26258054167998085,0.2626881029157542,0.00010756123577332355,2.9869509386389916e-08,100293989.9280368,0.13928319425022923
0.8,562.341325190349,1.0,prep_y-_measure_z+,0.262592219085102,0.2626881029157542,9.588383065217698e-05,2.3735759429479686e-08,126211772.682247,0.13929981968785188
0.8,630.9573444801937,1.0,prep_y-_measure_z+,0.2626026306475928,0.2626881029157542,8.547226816135733e-05,1.8860757942663594e-08,158834140.3172115,0.13931464396743776
0.8,707.945784384138,1.0,prep_y-_measure_z+,0.26261191319178123,0.2626881029157542,7.618972397294144e-05,1.4986430097940697e-08,199896323.1387332,0.13932786155827334
0.8,794.3282347242822,1.0,prep_y-_measure_z+,0.2626201888338916,0.2626881029157542,6.791408186257453e-05,1.1907541957542774e-08,251582760.25694445,0.13933964606955146
0.8,891.2509381337459,1.0,prep_y-_measure_z+,0.2626275665465049,0.2626881029157542,6.053636924929773e-05,9.460902621121977e-09,316643389.4865228,0.1393501524598157
0.8,1000.0,1.0,prep_y-_measure_z+,0.26263414355951387,0.2626881029157542,5.3959356240307343e-05,7.516765846851757e-09,398540054.9371499,0.13935951901819427
0.8,1122.018454301964,1.0,prep_y-_measure_z+,0.2626400066154203,0.2626881029157542,4.809630033386636e-05,5.971985761291131e-09,501630846.63924575,0.13936786913981974
0.8,1258.9254117941675,1.0,prep_y-_measure_z+,0.26264523309208593,0.2626881029157542,4.2869823668245655e-05,4.744571217014221e-09,631402109.1750453,0.13937531291583327
0.8,1412.5375446227554,1.0,prep_y-_measure_z+,0.26264989200648886,0.2626881029157542,3.8210909265312676e-05,3.769351679179143e-09,794760618.9418695,0.13938194855654698
0.8,1584.893192461114,1.0,prep_y-_measure_z+,0.26265404491364713,0.2626881029157542,3.405800210704024e-05,2.9945306560685988e-09,1000401270.724331,0.13938786366469708
0.8,1778.2794100389228,1.0,prep_y-_measure_z+,0.2626577467087135,0.2626881029157542,3.0356207040671546e-05,2.3789436353218558e-09,1259269967.171243,0.13939313637407685
0.8,1995.262314968881,1.0,prep_y-_measure_z+,0.2626610463442891,0.2626881029157542,2.7056571465067236e-05,1.8898767704552918e-09,1585146883.8533247,0.13939783636742778
0.8,2238.72113856834,1.0,prep_y-_measure_z+,0.2626639874711466,0.2626881029157542,2.4115444607564207e-05,1.5013344987311748e-09,1995379627.9814916,0.13940202578602323
0.8,2511.886431509582,1.0,prep_y-_measure_z+,0.26266660901019806,0.2626881029157542,2.1493905556113635e-05,1.1926599934873096e-09,2511807463.9147916,0.13940576004233673
0.8,2818.382931264455,1.0,prep_y-_measure_z+,0.26266894566345156,0.2626881029157542,1.9157252302615113e-05,9.474397068008123e-10,3161923921.966052,0.13940908854579742
0.8,3162.2776601683795,1.0,prep_y-_measure_z+,0.2626710283700125,0.2626881029157542,1.707454574167988e-05,7.52632149274491e-10,3980340564.0348525,0.13941205535093057
0.8,3548.1338923357566,1.0,prep_y-_measure_z+,0.26267288471323624,0.2626881029157542,1.521820251793038e-05,5.97875126221104e-10,5010632057.046173,0.1394146997358909
0.8,3981.0717055349733,1.0,prep_y-_measure_z+,0.26267453928302975,0.2626881029157542,1.3563632724422625e-05,4.749361619162394e-10,6307652509.480471,0.13941705671894472
0.8,4466.835921509635,1.0,prep_y-_measure_z+,0.2626760140011508,0.2626881029157542,1.2088914603358702e-05,3.77274345651665e-10,7940461120.883983,0.1394191575192887
0.8,5011.872336272725,1.0,prep_y-_measure_z+,0.26267732840969205,0.2626881029157542,1.077450606212782e-05,2.9969324589733805e-10,9995995287.061623,0.13942102996840805
0.8,5623.413251903491,1.0,prep_y-_measure_z+,0.2626784999295003,0.2626881029157542,9.602986253853807e-06,2.380642996358131e-10,12583710695.542397,0.13942269887690845
0.8,6309.573444801937,1.0,prep_y-_measure_z+,0.26267954408774064,0.2626881029157542,8.558828013538466e-06,1.8910805580538658e-10,15841378416.141806,0.1394241863618303
0.8,7079.457843841381,1.0,prep_y-_measure_z+,0.2626804747271546,0.2626881029157542,7.628188599562158e-06,1.5021862363823272e-10,19942482503.158386,0.13942551213874094
0.8,7943.282347242822,1.0,prep_y-_measure_z+,0.26268130418651403,0.2626881029157542,6.798729240142798e-06,1.193262906985516e-10,25105383365.36387,0.13942669378197697
0.8,8912.509381337459,1.0,prep_y-_measure_z+,0.26268204346349666,0.2626881029157542,6.059452257511921e-06,9.478674083591998e-11,31604971825.53977,0.13942774695702134
0.8,10000.0,1.0,prep_y-_measure_z+,0.2626827023595998,0.2626881029157542,5.400556154389058e-06,7.529345306972755e-11,39787420438.53018,0.13942868562765431
