switch_rate,p_excited_hot,p_ground_hot,p_excited_cold,p_ground_cold,J_hot_numeric,J_cold_numeric,J_hot_exact,FCS_mean_hot_quanta,FCS_variance_rate,Fano_factor,entropy_production_example
0.0001,0.18999000219732043,0.3100099978026828,0.06001856734783524,0.4399814326521615,1.2997143485043994e-05,-1.299714348494685e-05,1.2997143484948365e-05,1.2997143376983433e-05,1.8734832226819224e-05,1.4414576867711277,1.949571522756599e-05
0.0001122018454301963,0.1899887825816488,0.31001121741836396,0.06002083234837412,0.43997916765161316,1.4582643862864897e-05,-1.4582643862955103e-05,1.4582643862952612e-05,1.4582643615750434e-05,2.1085703070950883e-05,1.4459451678690562,2.1873965794297345e-05
0.00012589254117941674,0.18998741422819726,0.3100125857717947,0.060023373576200426,0.4399766264238077,1.6361503339612504e-05,-1.6361503339619443e-05,1.6361503339625406e-05,1.6361504285388117e-05,2.3604014189883294e-05,1.4426555027072423,2.4542255009418756e-05
0.0001412537544622754,0.18998587900838454,0.31001412099161485,0.060026224698714166,0.4399737753012865,1.835728909979628e-05,-1.835728909986567e-05,1.8357289099860412e-05,1.8357289203737412e-05,2.647269375591366e-05,1.4420807703200542,2.7535933649694422e-05
0.00015848931924611142,0.18998415658678247,0.3100158434132172,0.060029423481689506,0.43997057651831084,2.059643718263504e-05,-2.0596437182628102e-05,2.059643718263631e-05,2.0596437187851043e-05,2.968410304644613e-05,1.4412251388776849,3.089465577395256e-05
0.00017782794100389227,0.1899822241532479,0.3100177758467593,0.06003301228682952,0.4399669877131632,2.3108600781307498e-05,-2.3108600781272803e-05,2.3108600781283107e-05,2.3108600754211432e-05,3.334197934584524e-05,1.4428385214872357,3.466290117196125e-05
0.00019952623149688788,0.1899800561226237,0.3100199438773772,0.06003703862941384,0.4399629613705854,2.5927040589651673e-05,-2.5927040589755757e-05,2.592704058975424e-05,2.5927041241667458e-05,3.740214331323794e-05,1.4425920398941934,3.889056088447751e-05
0.000223872113856834,0.18997762379829886,0.3100223762016947,0.060041555803155504,0.43995844419685093,2.9089062208303984e-05,-2.9089062208317862e-05,2.9089062208318777e-05,2.908906214519617e-05,4.1936222674325044e-05,1.4416491829472915,4.3633593312455976e-05
0.00025118864315095795,0.18997489499522635,0.31002510500476965,0.06004662358029142,0.4399533764197125,3.2636506203775895e-05,-3.263650620366487e-05,3.263650620366742e-05,3.263650665725295e-05,4.70457341990016e-05,1.4415064299949034,4.895475930566384e-05
0.0002818382931264455,0.18997183361760622,0.3100281663822953,0.06005230899581639,0.43994769100428216,3.661629706327996e-05,-3.661629706319669e-05,3.661629706321834e-05,3.66162959016417e-05,5.282585743946435e-05,1.4426870915989045,5.4924445594919935e-05
0.00031622776601683794,0.18996839918615716,0.31003160081384573,0.06005868722570986,0.4399413127742873,4.1081057997105486e-05,-4.108105799714712e-05,4.108105799714269e-05,4.108105758243732e-05,5.923872522271786e-05,1.441996109857775,6.162158699565823e-05
0.0003548133892335753,0.1899645463082067,0.3100354536917912,0.06006584257047201,0.43993415742953007,4.60897993302678e-05,-4.6089799330240044e-05,4.608979933023412e-05,4.608980035050617e-05,6.652217688868264e-05,1.4433166640512922,6.91346989954017e-05
0.00039810717055349735,0.18996022408530988,0.310039775914686,0.06007386955585084,0.43992613044415335,5.1708689095125715e-05,-5.1708689095243676e-05,5.170868909523216e-05,5.1708689315416704e-05,7.458099164226747e-05,1.44232995710513,7.756303364268857e-05
0.00044668359215096305,0.1899553754496725,0.3100446245502666,0.06008287416485806,0.43991712583520276,5.801191539567263e-05,-5.801191539554079e-05,5.801191539554511e-05,5.801191615865511e-05,8.367255755952418e-05,1.4423339737768792,8.701787309350895e-05
0.0005011872336272725,0.18994993642216867,0.31005006357777776,0.06009297521594098,0.4399070247841126,6.508265115426348e-05,-6.508265115418715e-05,6.508265115420675e-05,6.508265135288277e-05,9.383591901599191e-05,1.4417961939996402,9.762397673139522e-05
0.0005623413251903491,0.18994383528229714,0.31005616471770037,0.06010430590430387,0.4398956940956986,7.301413301250004e-05,-7.301413301250698e-05,7.301413301251268e-05,7.301413316209835e-05,0.00010530463186796799,1.44224997692134,0.00010952119951875006
0.000630957344480193,0.18993699164046962,0.31006300835953216,0.060117015524843206,0.439882984475155,8.191086739037234e-05,-8.191086739039316e-05,8.191086739039715e-05,8.191086689421595e-05,0.00011813918434443512,1.4422895132706426,0.00012286630108555852
0.000707945784384138,0.18992931540148122,0.31007068459851805,0.060131271397248796,0.43986872860275195,9.188997807405008e-05,-9.188997807409865e-05,9.188997807410341e-05,9.188997864712555e-05,0.00013247969841264024,1.4417208531670977,0.00013783496711107512
0.0007943282347242813,0.1899207056067771,0.3100792943931543,0.060147261015945266,0.4398527389841234,0.00010308271115588852,-0.00010308271115591627,0.00010308271115595197,0.00010308271085482276,0.00014866391976828714,1.442180929619313,0.00015462406673383278
0.0008912509381337459,0.18991104914252843,0.31008895085747346,0.06016519444959126,0.4398348055504069,0.00011563611471396285,-0.00011563611471403917,0.00011563611471404404,0.0001156361149559975,0.00016676588822667936,1.4421609398598185,0.00017345417207094427
0.001,0.18990021929824552,0.31009978070175437,0.06018530701754385,0.4398146929824562,0.0001297149122807817,-0.00012971491228069149,0.00012971491228070176,0.00012971491277486723,0.0001870385996656761,1.4419205599767828,0.00019457236842117254
0.001122018454301963,0.18988807416083991,0.3101119258391362,0.06020786227271181,0.43979213772731207,0.00014550359089632314,-0.0001455035908962607,0.00014550359089628192,0.00014550359087973114,0.00020982188482206396,1.442039220842985,0.00021825538634448471
0.0012589254117941675,0.18987445482587556,0.3101255451741243,0.06023315532337389,0.43976684467662625,0.00016320872636169104,-0.00016320872636171185,0.000163208726361718,0.00016320872837650307,0.0002353565838518525,1.442058805267528,0.00024481308954253655
0.0014125375446227555,0.18985918340756758,0.31014081659243176,0.0602615165288026,0.43973848347119804,0.0001830615701618188,-0.00018306157016177022,0.000183061570161769,0.00018306156992465097,0.00026401335736161465,1.4422107134243622,0.0002745923552427282
0.001584893192461114,0.18984206082739002,0.31015793917260964,0.060293315606275495,0.43970668439372484,0.00020532092439282112,-0.00020532092439282112,0.00020532092439282392,0.000205320924359356,0.0002960200045876078,1.4417429958064516,0.0003079813865892317
0.0017782794100389228,0.18982286435935325,0.31017713564064653,0.06032896618977236,0.4396710338102279,0.00023027633284067317,-0.00023027633284063848,0.00023027633284064287,0.0002302763314671918,0.000331987925480108,1.4416936528598787,0.00034541449926100976
0.001995262314968879,0.18980134490919343,0.3101986550907935,0.060368930882918816,0.43963106911709426,0.00025825161804207686,-0.0002582516180420699,0.0002582516180420881,0.00025825161826605806,0.0003722770490711041,1.4415284270845259,0.0003873774270631153
0.00223872113856834,0.189777224003358,0.3102227759966415,0.06041372685090622,0.43958627314909426,0.00028960879563433295,-0.00028960879563431907,0.00028960879563431967,0.0002896087956589711,0.0004175093508212902,1.4416321502642773,0.0004344131934514994
0.002511886431509582,0.1897501904627547,0.3102498095372454,0.06046393199774127,0.4395360680022586,0.0003247523984189482,-0.0003247523984189066,0.000324752398418908,0.0003247523993298224,0.0004681369994149073,1.4415197559155268,0.0004871285976284223
0.002818382931264455,0.18971989673601247,0.3102801032639875,0.06052019177597682,0.43947980822402327,0.00036413424318376686,-0.00036413424318376686,0.00036413424318376805,0.0003641342442368707,0.000524901166833116,1.441504541637303,0.0005462013647756503
0.0031622776601683794,0.18968595486675044,0.3103140451332493,0.06058322667603473,0.43941677332396556,0.0004082586732243043,-0.0004082586732242974,0.00040825867322429114,0.0004082586737698737,0.000588437936336877,1.4413360306670822,0.0006123880098364565
0.0035481338923357532,0.1896479320704439,0.310352067929556,0.06065384044060415,0.43934615955939593,0.0004576883084228822,-0.00045768830842290303,0.00045768830842289837,0.00045768830881524376,0.0006596593360375191,1.44128509147435,0.0006865324626343233
0.003981071705534973,0.1896053458981899,0.3103946541018102,0.06073292904621897,0.439267070953781,0.0005130503323532154,-0.0005130503323532848,0.0005130503323532893,0.0005130503320727399,0.0007394262780776353,1.4412353561693048,0.0007695754985298231
0.004466835921509635,0.18955765896787502,0.3104423410321249,0.06082149048823197,0.43917850951176807,0.000575043341762449,-0.0005750433417623796,0.0005750433417623863,0.0005750433426610906,0.0008286454755526155,1.4410139446497143,0.0008625650126436735
0.005011872336272725,0.18950427324811792,0.31049572675188186,0.06092063539635227,0.43907936460364794,0.0006444447774466011,-0.0006444447774465734,0.0006444447774465754,0.0006444447784154506,0.000928581235636979,1.4409011706482566,0.0009666671661699017
0.005623413251903491,0.189444523887407,0.31055547611258794,0.06103159849481262,0.4389684015051925,0.0007221189463683941,-0.0007221189463684011,0.0007221189463684236,0.000722118945677724,0.001040389066637137,1.4407447316878106,0.0010831784195525912
0.00630957344480193,0.18937767259067534,0.3106223274093244,0.0611557509030312,0.438844249096969,0.0008090256321219291,-0.000809025632121825,0.0008090256321218333,0.0008090256331121588,0.001165461117712859,1.4405737840834099,0.0012135384481828937
0.00707945784384138,0.18930290055870946,0.31069709944129065,0.06129461324811101,0.43870538675188886,0.0009062292736777555,-0.0009062292736777208,0.000906229273677717,0.0009062292738269517,0.001305312288545735,1.4403775360659887,0.0013593439105166333
0.00794328234724282,0.1892193010232992,0.3107806989767038,0.06144986952816047,0.43855013047183655,0.0010149086697125165,-0.0010149086697125859,0.0010149086697125742,0.0010149086694257515,0.001461646472817394,1.4401753742476282,0.0015223630045687747
0.008912509381337459,0.1891258714334076,0.3108741285665983,0.06162338162367518,0.43837661837631897,0.0011363671365730577,-0.00113636713657312,0.001136367136573098,0.0011363671365333021,0.001636241613259083,1.4398881845974008,0.0017045507048595865
0.01,0.189021505376344,0.3109784946236559,0.06181720430107527,0.43818279569892477,0.001272043010752788,-0.001272043010752684,0.0012720430107526883,0.001272043012350711,0.0018311599234712974,1.4395424570489557,0.001908064516129182
0.01122018454301964,0.18890498435367614,0.3110950156463285,0.06203360048603263,0.4379663995139626,0.0014235203402233332,-0.00142352034022325,0.00142352034022322,0.0014235203416115645,0.002048795675824631,1.4392458020692516,0.0021352805103349998
0.012589254117941675,0.18877496957570827,0.3112250304242917,0.062275056502256024,0.43772494349774393,0.0015925395515792307,-0.0015925395515792237,0.0015925395515792226,0.0015925395523200543,0.002291516208929249,1.4389069367796277,0.002388809327368846
0.01412537544622754,0.18862999399213487,0.31137000600786524,0.06254429687174966,0.4374557031282502,0.0017810078102247495,-0.0017810078102247703,0.0017810078102247708,0.0017810078134498347,0.0025620076406978574,1.4385156658775216,0.0026715117153371243
0.01584893192461114,0.18846845484044716,0.31153154515955306,0.06284429815345544,0.43715570184654445,0.0019910087074188065,-0.0019910087074188135,0.001991008707418814,0.001991008708444407,0.0028632420656435394,1.4380861587896399,0.00298651306112821
0.01778279410038923,0.18828860706932604,0.31171139293067407,0.063178301156966,0.4368216988430339,0.0022248108098762154,-0.0022248108098762084,0.0022248108098762067,0.0022248108116993764,0.0031983944731713712,1.4376028992453262,0.003337216214814323
0.01995262314968881,0.1880885580812453,0.3119114419187547,0.06354982070625881,0.43645017929374125,0.0024848744943810896,-0.002484874494381166,0.00248487449438117,0.0024848744972402964,0.0035709883442490743,1.4370900213330762,0.0037273117415716345
0.0223872113856834,0.18786626433688508,0.3121337356631148,0.0639626519457848,0.43603734805421535,0.002773856362049354,-0.002773856362049347,0.0027738563620493444,0.0027738563654723164,0.00398475297342132,1.4365390447110693,0.004160784543074031
0.025118864315095822,0.18761953047196517,0.31238046952803494,0.06442087198063644,0.43557912801936355,0.0030946103864453456,-0.003094610386445512,0.0030946103864455095,0.0030946103895036882,0.004443530119791475,1.435893233882707,0.004641915579668018
0.02818382931264455,0.18734601169176174,0.31265398830823726,0.06492883542958458,0.43507116457041634,0.003450184800709244,-0.003450184800709133,0.00345018480070914,0.003450184802230914,0.0049517345028123015,1.4352084849514366,0.005175277201063866
0.03162277660168379,0.18704322032473558,0.3129567796752644,0.06549116225406254,0.43450883774593746,0.0038438135778437466,-0.0038438135778437812,0.0038438135778437878,0.0038438135797594173,0.005513779928152126,1.4344556034627547,0.00576572036676562
0.035481338923357565,0.1867085375265118,0.31329146247348966,0.06611271602219333,0.43388728397780524,0.004278901215535397,-0.004278901215535459,0.0042789012155354305,0.00427890121808634,0.006134477084494769,1.4336570936868465,0.006418351823303095
0.039810717055349734,0.18633923121795332,0.313660768782047,0.06679857059522971,0.43320142940476986,0.0047589994166608585,-0.004758999416660838,0.004758999416660831,0.004758999419855728,0.006818496474210179,1.432758416771752,0.007138499124991288
0.04466835921509635,0.18593248140130514,0.3140675185986954,0.06755396311186233,0.43244603688813715,0.005287774178303589,-0.005287774178303679,0.005287774178303671,0.005287774181261405,0.007571119593522859,1.431815984191057,0.007931661267455384
0.05011872336272725,0.18548541400757695,0.3145145859924235,0.06838423112878601,0.43161576887121356,0.005868961790150173,-0.00586896179015025,0.005868961790150243,0.005868961792720518,0.00839730646893858,1.4307993075289835,0.00880344268522526
0.05623413251903491,0.18499514436368197,0.31500485563631814,0.06929473189601933,0.4307052681039806,0.006506312327213493,-0.006506312327213541,0.006506312327213536,0.006506312332013527,0.009302253271278479,1.4297274395371184,0.009759468490820239
0.06309573444801936,0.18445883120338058,0.315541168796619,0.0702907420508643,0.4297092579491361,0.007203519435605016,-0.007203519435604974,0.007203519435604984,0.007203519438845819,0.010290770876378306,1.428575429516317,0.010805279153407524
0.0707945784384138,0.18387374185463357,0.31612625814536643,0.07137733655568046,0.42862266344431954,0.007964135588976351,-0.007964135588976323,0.007964135588976328,0.007964135594180997,0.01136776545965542,1.427369653018124,0.011946203383464526
0.07943282347242822,0.18323732879183424,0.3167626712081647,0.07255924652944994,0.42744075347055105,0.008791472570614967,-0.008791472570614876,0.008791472570614904,0.00879147257704702,0.012537613072190344,1.426110695598805,0.01318720885592245
0.08912509381337459,0.18254731712502237,0.3174526828749776,0.07384069676781563,0.4261593032321844,0.009688487737470913,-0.009688487737470941,0.009688487737470946,0.009688487743455945,0.013804298175622863,1.4248145367110494,0.01453273160620637
0.1,0.18180180180180183,0.31819819819819817,0.07522522522522522,0.4247747747747747,0.010657657657657638,-0.010657657657657665,0.010657657657657658,0.010657657662494746,0.015171009743670843,1.4234844300787581,0.015986486486486456
0.11220184543019641,0.18099935233249842,0.3190006476675016,0.07671548852536023,0.4232845114746398,0.011700841967752063,-0.01170084196775216,0.011700841967752167,0.011700841974667009,0.016640314784939818,1.422146784049135,0.017551262951628094
0.12589254117941676,0.1801391217521341,0.31986087824786524,0.07831305960317893,0.4216869403968217,0.012819141722225341,-0.012819141722225202,0.012819141722225235,0.012819141730300408,0.018213327905320514,1.4207915232164063,0.019228712583338012
0.14125375446227553,0.1792209553735562,0.3207790446264438,0.08001822573482421,0.4199817742651758,0.014012758014376958,-0.014012758014376951,0.014012758014376951,0.014012758022615143,0.01989049912393104,1.4194564047869687,0.021019137021565437
0.15848931924611143,0.17824549376905263,0.32175450623094737,0.08182979728604509,0.41817020271395494,0.015280858100231581,-0.01528085810023156,0.015280858100231566,0.01528085810857785,0.021671072933122232,1.4181842916895655,0.022921287150347372
0.1778279410038923,0.17721426348077862,0.3227857365192214,0.08374493924998244,0.41625506075001756,0.016621457474987805,-0.016621457474987715,0.01662145747498772,0.01662145748441465,0.02355206634509525,1.416967577432917,0.024932186212481708
0.19952623149688808,0.17612974836417764,0.3238702516358225,0.08575903875224167,0.4142409612477583,0.018031327126569158,-0.01803132712656918,0.01803132712656917,0.01803132713499664,0.025529597839500824,1.4158468563276712,0.027046990689853737
0.223872113856834,0.17499543437921494,0.3250045656207851,0.08786562186717228,0.4121343781328277,0.019505935307020633,-0.019505935307020605,0.019505935307020605,0.01950593531983673,0.02759790230545678,1.4148463969010938,0.02925890296053095
0.25118864315095824,0.17381582120554515,0.3261841787944549,0.09005633204684478,0.4099436679531552,0.021039432432791327,-0.021039432432791348,0.02103943243279134,0.02103943244440335,0.02974964790573159,1.4139947921287783,0.03155914864918699
0.2818382931264455,0.17259639535990748,0.3274036046400925,0.09232098004588614,0.4076790199541139,0.022624686032120256,-0.022624686032120297,0.0226246860321203,0.02262468604380288,0.031975835933055474,1.4133162277323166,0.033937029048180384
0.31622776601683794,0.1713435615420361,0.32865643845796394,0.09464767142193296,0.405352328578067,0.024253369995353102,-0.02425336999535308,0.02425336999535308,0.0242533700067684,0.03426577519990981,1.4128253183102901,0.036380054993029654
0.3548133892335757,0.17006453162572838,0.3299354683742717,0.09702301269507593,0.40297698730492404,0.025916108886553157,-0.025916108886553157,0.025916108886553154,0.02591610889871379,0.03660788963633088,1.4125534731854643,0.038874163329829736
0.3981071705534973,0.16876717382596632,0.3312328261740337,0.0994323914660626,0.4005676085339374,0.027602674026243806,-0.02760267402624382,0.027602674026243803,0.02760267403929817,0.03898885242437089,1.4125027295856234,0.04140401103936571
0.4466835921509635,0.16745982779348823,0.3325401722065118,0.10186031981209329,0.39813968018790674,0.029302223868465316,-0.029302223868465302,0.029302223868465302,0.029302223885155354,0.04139471959652141,1.4126818414452214,0.043953335802697974
0.5011872336272725,0.16615109433794215,0.3338489056620579,0.10429082480096459,0.3957091751990353,0.031003577360675216,-0.031003577360675223,0.03100357736067521,0.031003577374323632,0.043811081845701594,1.4130976344034676,0.046505366041012824
0.5623413251903491,0.1648496107819335,0.33515038921806656,0.10670786569069501,0.39329213430930504,0.0326955059834865,-0.0326955059834865,0.03269550598348651,0.03269550600110832,0.046223058020045116,1.413743467327841,0.04904325897522975
0.6309573444801936,0.1635638242885217,0.3364361757114784,0.10909575489274556,0.39090424510725447,0.03436702842492184,-0.0343670284249219,0.034367028424921835,0.03436702844430983,0.04861601954342376,1.414612253200877,0.05155054263738276
0.707945784384138,0.16230177569581491,0.33769822430418495,0.11143955942205797,0.3885604405779421,0.03600769159544054,-0.03600769159544057,0.03600769159544057,0.03600769162143136,0.05097537392195761,1.415680140173653,0.05401153739316081
0.7943282347242822,0.16107090540707175,0.33892909459292825,0.11372546138686676,0.38627453861313316,0.037607822970806754,-0.03760782297080675,0.03760782297080674,0.0376078229913368,0.053287685375380534,1.416930870676978,0.05641173445621013
0.8912509381337459,0.15987789086238194,0.3401221091376181,0.11594105982700507,0.3840589401729949,0.0391587418789035,-0.03915874187890355,0.03915874187890353,0.03915874189575064,0.05554090520831778,1.4183526466754255,0.058738112818355254
1.0,0.15872852233676976,0.34127147766323024,0.11807560137457046,0.38192439862542954,0.04065292096219933,-0.04065292096219932,0.04065292096219931,0.040652920981765206,0.057722782109692616,1.4198926108060985,0.060979381443298994
1.122018454301963,0.1576276206334336,0.3423723793665664,0.12012013310933761,0.3798798668906624,0.04208409317653633,-0.04208409317653634,0.04208409317653633,0.04208409320582973,0.059824412090847545,1.421544520354791,0.0631261397648045
1.2589254117941688,0.1565789970540948,0.34342100294590516,0.12206757689953823,0.37793242310046177,0.04344730382967674,-0.043447303829676764,0.043447303829676744,0.04344730385241746,0.061837091003269506,1.42326647502268,0.0651709557445151
1.4125375446227555,0.15558545317314199,0.3444145468268581,0.12391272982130791,0.3760872701786921,0.044738910874915494,-0.044738910874915536,0.0447389108749155,0.044738910899844164,0.06375499017607922,1.4250456458094354,0.06710836631237324
1.584893192461114,0.15464881567158067,0.3453511843284193,0.12565219946706457,0.3743478005329354,0.045956539626945125,-0.0459565396269452,0.04595653962694518,0.04595653965600022,0.06557276943652823,1.4268430549245426,0.06893480944041769
1.7782794100389228,0.15376999994131466,0.34623000005868537,0.12728428582327284,0.37271571417672716,0.047099000076290976,-0.04709900007629099,0.04709900007629098,0.047099000106132216,0.06728720913784514,1.4286334951107476,0.07064850011443646
1.9952623149688788,0.1529490953778812,0.34705090462211885,0.12880882286964923,0.3711911771303508,0.048166176008754474,-0.04816617600875446,0.04816617600875446,0.04816617603542461,0.06889731007930777,1.4304085511923574,0.07224926401313171
2.2387211385683425,0.15218546517439555,0.3478145348256044,0.13022699324755127,0.36977300675244873,0.04915889527328578,-0.049158895273285895,0.049158895273285846,0.04915889530443529,0.07040232841148963,1.4321381303525282,0.07373834290992867
2.5118864315095824,0.15147785388079935,0.3485221461192007,0.131541128507087,0.368458871492913,0.05007878995496086,-0.0500787899549609,0.05007878995496087,0.05007878998486426,0.07180382954885545,1.4338171822952857,0.0751181849324413
2.818382931264455,0.15082449683850552,0.3491755031614945,0.13275450587134685,0.36724549412865315,0.050928154109942836,-0.0509281541099428,0.050928154109942815,0.050928154140539306,0.07310356764378412,1.4354254317179929,0.07639223116491425
3.1622776601683795,0.1502232266762282,0.3497767733237718,0.13387115045843334,0.36612884954156666,0.05170980532090334,-0.05170980532090333,0.051709805320903336,0.0517098053520737,0.07430480675196804,1.4369577732125078,0.07756470798135501
3.5481338923357533,0.14967157321158714,0.3503284267884128,0.1348956497499097,0.3651043502500903,0.052426954824936686,-0.05242695482493679,0.052426954824936756,0.05242695485796478,0.0754110218714743,1.4384017167462426,0.07864043223740502
3.9810717055349776,0.14916685422919768,0.3508331457708023,0.13583298500291863,0.3641670149970814,0.053083089502043046,-0.053083089502043046,0.05308308950204303,0.05308308954177221,0.076427086881381,1.439763351024226,0.07962463425306457
4.4668359215096345,0.1487062556188688,0.3512937443811313,0.1366883824221009,0.3633116175778991,0.05368186769547062,-0.05368186769547064,0.05368186769547062,0.0536818677315809,0.07735708740241876,1.4410282404706605,0.08052280154320593
5.011872336272725,0.1482869002103157,0.3517130997896843,0.13746718532369956,0.36253281467630044,0.054227029726589604,-0.0542270297265897,0.05422702972658966,0.05422702976598526,0.07820745162590015,1.4422226694584144,0.0813405445898844
5.623413251903491,0.14790590531476572,0.35209409468523434,0.13817474727257817,0.36182525272742183,0.05472232309080462,-0.054722323090804714,0.054722323090804666,0.05472232312897507,0.07898185439003669,1.4433205659760517,0.08208348463620693
6.309573444801943,0.147560429481464,0.352439570518536,0.13881634524870984,0.36118365475129016,0.055171441674096836,-0.05517144167409689,0.05517144167409688,0.05517144171407473,0.07968592452556322,1.4443328296283153,0.08275716251114526
7.0794578438413875,0.14724770931486766,0.35275229068513236,0.1393971112723889,0.3606028887276111,0.05557797789067205,-0.05557797789067223,0.05557797789067216,0.05557797794153441,0.08032482456954426,1.445263529631151,0.08336696683600808
7.943282347242821,0.14696508740049646,0.3530349125995035,0.13992198054193522,0.3600780194580648,0.05594538637935456,-0.05594538637935466,0.055945386379354624,0.05594538642295088,0.08090307312969003,1.4461080404031417,0.08391807956903184
8.91250938133746,0.14671003248112513,0.35328996751887487,0.1403956539636248,0.3596043460363752,0.05627695777453734,-0.05627695777453737,0.05627695777453736,0.056276957822176676,0.08142634344565636,1.4468860186605401,0.08441543666180601
10.0,0.14648015303682452,0.35351984696317557,0.14082257293161168,0.35917742706838834,0.056575801052128186,-0.056575801052128186,0.05657580105212817,0.056575801096192535,0.08189902089839052,1.447598077473837,0.08486370157819229
11.220184543019652,0.1462732053762162,0.3537267946237838,0.14120690430131244,0.35879309569868756,0.05684483301091896,-0.05684483301091871,0.05684483301091879,0.056844833045133214,0.08232563519783298,1.4482518601553236,0.08526724951637843
12.589254117941687,0.14608709726235136,0.35391290273764864,0.14155253365563336,0.35844746634436664,0.05708677355894323,-0.05708677355894336,0.0570867735589433,0.05708677362492587,0.08270888418593358,1.4488274417004414,0.08563016033841485
14.125375446227554,0.14591988799097466,0.35408011200902534,0.14186306515961855,0.35813693484038145,0.05730414561173294,-0.05730414561173299,0.057304145611732964,0.0573041456408685,0.08305380827522413,1.4493507816298605,0.08595621841759941
15.848931924611142,0.14576978572381982,0.3542302142761802,0.1421418265129063,0.3578581734870937,0.057499278559034236,-0.05749927855903442,0.05749927855903435,0.05749927861870008,0.08336428769517568,1.4498318882919639,0.08624891783855135
17.78279410038923,0.14563514276375988,0.3543648572362401,0.14239187772444584,0.35760812227555416,0.05767431440711217,-0.057674314407112084,0.05767431440711211,0.05767431444564375,0.08364389736392752,1.4502798718614904,0.08651147161066824
19.95262314968883,0.14551444934807686,0.3544855506519231,0.14261602263928586,0.35738397736071414,0.057831215847500075,-0.0578312158475001,0.05783121584750009,0.05783121589303386,0.08389225425453617,1.4506396408767455,0.08674682377125012
22.387211385683422,0.14540632643444393,0.3545936735655561,0.14281682233603282,0.3571831776639672,0.05797177563522293,-0.05797177563522298,0.05797177563522296,0.05797177568822587,0.0841172020926706,1.45100268353096,0.0869576634528344
25.11886431509582,0.14530951786342974,0.35469048213657023,0.14299660968220174,0.35700339031779826,0.058097626777541336,-0.058097626777541225,0.05809762677754126,0.05809762685965447,0.08431873532721568,1.451328391276689,0.08714644016631201
28.18382931264455,0.14522288220213148,0.3547771177978685,0.14315750448175502,0.356842495518245,0.05821025313722909,-0.058210253137228524,0.05821025313722871,0.058210253165991155,0.08449920763098362,1.4516206859645058,0.08731537970584363
31.622776601683793,0.14514538450582307,0.3548546154941769,0.14330142877489827,0.3566985712251018,0.05831100014243,-0.05831100014242878,0.05831100014242921,0.05831100014258572,0.08465879663965836,1.4518495040840553,0.087466500213645
35.481338923357605,0.14507608817760104,0.35492391182239896,0.14343012195588462,0.3565698780441154,0.05840108536911866,-0.05840108536911924,0.05840108536911903,0.058401085494541594,0.08480298130386643,1.4520788541129508,0.087601628053678
39.81071705534978,0.14501414705893714,0.3549858529410629,0.1435451554619741,0.3564548445380259,0.058481608823381756,-0.05848160882338187,0.05848160882338183,0.05848160882171438,0.08493398206965708,1.452319520288588,0.08772241323507263
44.668359215096345,0.14495879784573013,0.35504120215426993,0.1436479468579293,0.3563520531420707,0.05855356280055088,-0.05855356280055052,0.05855356280055063,0.05855356286027513,0.08505006143799676,1.4525172727908897,0.08783034420082632
50.11872336272725,0.14490935289362686,0.35509064710637317,0.14373977319755105,0.35626022680244895,0.058617841238285104,-0.05861784123828573,0.05861784123828552,0.05861784128036174,0.08515198546277247,1.4526632779856439,0.08792676185742765
56.23413251903491,0.14486519345207938,0.3551348065479207,0.143821783588996,0.356178216411004,0.05867524851229684,-0.058675248512297204,0.05867524851229707,0.058675248564288296,0.08524079220251224,1.4527555364186837,0.08801287276844527
63.09573444801943,0.14482576334766015,0.3551742366523398,0.14389501092577617,0.35610498907422383,0.05872650764804181,-0.058726507648043325,0.05872650764804279,0.05872650773119936,0.08532332618216287,1.4528929009826603,0.08808976147206271
70.79457843841388,0.14479056312267022,0.35520943687732975,0.14396038277218398,0.356039617227816,0.058772267940528714,-0.0587722679405288,0.05877226794052875,0.05877226786604739,0.08539743912017173,1.453022696262256,0.08815840191079308
79.43282347242821,0.1447591446243019,0.35524085537569816,0.14401873141201288,0.3559812685879871,0.05881311198840758,-0.05881311198840902,0.058813111988408495,0.058813112138178525,0.0854608050993022,1.453091019882033,0.08821966798261137
89.12509381337459,0.1447311060316947,0.3552688939683053,0.1440708030839971,0.3559291969160029,0.0588495621587969,-0.05884956215879798,0.05884956215879759,0.05884956213869641,0.08552034080899773,1.4532026696722693,0.08827434323819536
100.0,0.14470608730277368,0.3552939126972263,0.14411726643770972,0.3558827335622903,0.05888208650639422,-0.0588820865063968,0.0588820865063959,0.05888208656185112,0.08557329844727235,1.4532993554395215,0.08832312975959133
112.20184543019653,0.1446837660190198,0.3553162339809802,0.14415872025039272,0.3558412797496073,0.05891110417527427,-0.058911104175274905,0.058911104175274676,0.058911104281467175,0.08562589526306397,1.4534763234781356,0.0883666562629114
125.89254117941688,0.14466385360416806,0.35533614639583194,0.1441957004494026,0.3558042995505974,0.058936990314581536,-0.05893699031458183,0.05893699031458172,0.05893699024317467,0.08566738429749421,1.4535418918412637,0.0884054854718723
141.25375446227554,0.14464609189162844,0.35535390810837153,0.1442286864869698,0.3557713135130302,0.05896008054088302,-0.05896008054087887,0.05896008054088032,0.05896008055644719,0.08570298359877881,1.453576433239919,0.08844012081132452
158.48931924611142,0.14463025001521287,0.35536974998478715,0.1442581071146012,0.35574189288539887,0.058980674980223274,-0.058980674980220825,0.05898067498022168,0.05898067515247574,0.08573954324297972,1.4536887382405757,0.08847101247033491
177.82794100389228,0.1446161215979662,0.3553838784020338,0.1442843456037688,0.3557156543962312,0.058999041922643936,-0.05899904192263816,0.05899904192264018,0.058999042232277255,0.08575957721745908,1.4535757526338562,0.0884985628839659
199.5262314968883,0.14460352221478212,0.3553964777852179,0.1443077444582534,0.3556922555417466,0.05901542112078327,-0.05901542112077739,0.059015421120779434,0.059015421284835945,0.0857935722464731,1.4537483657431387,0.0885231316811749
223.87211385683423,0.14459228710539623,0.35540771289460377,0.14432860966140365,0.35567139033859635,0.0590300267629849,-0.059030026762982565,0.059030026762983384,0.05903002684298775,0.08580562371740541,1.4535928290467712,0.08854504014447734
251.18864315095823,0.14458226911572367,0.3554177308842763,0.14434721449936477,0.3556527855006352,0.05904305014955924,-0.05904305014955534,0.0590430501495567,0.059043050375517936,0.08582933253009628,1.453673751342719,0.08856457522433886
281.8382931264455,0.14457333684684018,0.3554266631531598,0.1443638029987459,0.35563619700125415,0.05905466209910776,-0.05905466209912213,0.05905466209911708,0.059054661761537286,0.08583101451797859,1.4534164104531528,0.08858199314866164
316.22776601683796,0.14456537299222577,0.3554346270077743,0.14437859301444556,0.3556214069855545,0.059065015110106533,-0.05906501511011189,0.05906501511010999,0.059065014950399064,0.08585779309733255,1.4536150235369145,0.0885975226651598
354.81338923357606,0.14455827284562212,0.35544172715437783,0.14439177900098932,0.3556082209990107,0.05907424530069122,-0.05907424530069252,0.05907424530069208,0.05907424561857333,0.08589776667733418,1.4540645551693234,0.08861136795103683
398.1071705534977,0.1445519429628037,0.3554480570371963,0.14440353449765042,0.3555964655023496,0.0590824741483552,-0.059082474148355296,0.059082474148355255,0.059082474776483984,0.08589164934846849,1.4537584905406686,0.08862371122253279
446.6835921509635,0.1445462999623927,0.35545370003760735,0.14441401435556223,0.3555859856444378,0.059089810048889524,-0.05908981004889356,0.05908981004889216,0.05908981026037097,0.08590230748950489,1.4537583910151075,0.08863471507333429
501.18723362727246,0.14454126945183762,0.3554587305481624,0.14442335673230383,0.35557664326769617,0.05909634971261113,-0.059096349712612684,0.05909634971261213,0.05909635004547331,0.08589736144593019,1.4535138190401624,0.0886445245689167
562.341325190349,0.14453678506605389,0.3554632149339461,0.14443168487731334,0.35556831512268666,0.05910217941412997,-0.05910217941411934,0.059102179414123046,0.05910217914018023,0.08591193312312839,1.4536170133314377,0.08865326912119495
630.9573444801943,0.14453278760731425,0.3554672123926857,0.1444391087292925,0.3555608912707075,0.05910737611049144,-0.05910737611050475,0.059107376110500105,0.05910737641806607,0.08593782907517777,1.45392731471179,0.08866106416573716
707.9457843841387,0.14452922427593848,0.3554707757240615,0.14444572634467712,0.3555542736553229,0.059112008441279965,-0.05911200844127399,0.05911200844127609,0.059112008307937725,0.08593121214595101,1.4537014492605544,0.08866801266191995
794.3282347242822,0.14452604798276245,0.3554739520172375,0.14445162517486249,0.3555483748251375,0.05911613762240883,-0.05911613762240374,0.05911613762240552,0.059116137361425736,0.08594487344026902,1.453831005818548,0.08867420643361325
891.2509381337459,0.1445232167344835,0.35547678326551646,0.14445688320739747,0.35554311679260253,0.059119818245171415,-0.05911981824517823,0.059119818245175836,0.05911981861700388,0.08591257150136755,1.4531940982081701,0.08867972736775712
1000.0,0.14452069308465074,0.3554793069153493,0.1444615699856608,0.3555384300143392,0.05912309898995406,-0.05912309898996255,0.05912309898995957,0.05912309904237967,0.0859712245837585,1.4541055184224019,0.0886846484849311
1122.0184543019652,0.1445184436432719,0.35548155635672807,0.14446574751956998,0.35553425248043,0.059126023263746524,-0.05912602326369898,0.05912602326371563,0.059126021161592934,0.0860137350233714,1.454752634010221,0.08868903489561979
1258.9254117941687,0.14451643863904812,0.3554835613609519,0.14446947109894187,0.35553052890105813,0.05912862976923747,-0.05912862976925931,0.05912862976925165,0.05912863116325218,0.08599896905714388,1.4544386934935734,0.0886929446538562
1412.5375446227554,0.14451465152810905,0.35548534847189095,0.14447279001919655,0.35552720998080345,0.05913095301345825,-0.059130953013437584,0.05913095301344482,0.05913095003362567,0.08601233059124525,1.454607621598048,0.08869642952018737
1584.893192461114,0.14451305864546382,0.3554869413545362,0.14447574822982057,0.35552425177017943,0.05913302376089705,-0.0591330237608744,0.059133023760882315,0.05913302379978447,0.0859613824566452,1.4536950240815947,0.08869953564134557
1778.2794100389228,0.14451163889329371,0.3554883611067063,0.14447838491244858,0.3555216150875514,0.05913486943871819,-0.059134869438714016,0.05913486943871547,0.05913487070546841,0.08612745516778375,1.4564579940785978,0.08870230415807728
1995.262314968883,0.14451037346311668,0.3554896265368833,0.14448073499700909,0.3555192650029909,0.059136514497948336,-0.05913651449790637,0.05913651449792107,0.05913651429767519,0.08607378143565825,1.4555098902581418,0.08870477174692251
2238.721138568342,0.1445092455879461,0.35549075441205386,0.14448282962227854,0.3555171703777215,0.05913798073567006,-0.05913798073559498,0.059137980735621265,0.0591379853207008,0.08595192890759051,1.4534132071202583,0.08870697110350509
2511.886431509582,0.14450824032106993,0.35549175967893,0.14448469654662188,0.3555153034533781,0.05913928758260907,-0.05913928758263533,0.059139287582626134,0.05913928984524475,0.08596157119455938,1.4535441906641589,0.08870893137391361
2818.382931264455,0.1445073443385239,0.35549265566147603,0.1444863605141813,0.3555136394858187,0.059140452359918896,-0.059140452359926904,0.05914045235992411,0.05914045450833294,0.08598207146270909,1.4538622027430335,0.08871067853987835
3162.2776601683795,0.14450654576347727,0.3554934542365227,0.1444878435820552,0.3555121564179448,0.05914149050747952,-0.05914149050743863,0.05914149050745297,0.05914149185826112,0.08583705968234767,1.4513847551912509,0.08871223576121928
3548.1338923357603,0.1445058340091269,0.3554941659908731,0.14448916541160978,0.3555108345883902,0.05914241578813502,-0.059142415788126845,0.05914241578812972,0.059142424992386644,0.08616698465857553,1.4569403380004748,0.08871362368220254
3981.0717055349774,0.14450519963864183,0.35549480036135817,0.1444903435283167,0.3555096564716833,0.05914324046976563,-0.05914324046982168,0.05914324046980205,0.059143238594905334,0.08588690869615334,1.4521847422733414,0.08871486070464844
4466.835921509635,0.14450463424044604,0.355495365759554,0.14449139355363178,0.3555086064463682,0.059143975487420175,-0.059143975487542244,0.0591439754874995,0.05914398293810352,0.08584936650457564,1.451531706858842,0.08871596323113026
5011.872336272725,0.14450413031690637,0.35549586968309366,0.14449232941165185,0.35550767058834815,0.05914463058802173,-0.0591446305881563,0.0591446305881092,0.059144625353391156,0.08610363533279042,1.4558150435194788,0.0887169458820326
5623.413251903491,0.1445036811851527,0.35549631881484733,0.14449316351344516,0.35550683648655484,0.059145214459301515,-0.05914521445941161,0.05914521445937306,0.05914520843086635,0.08574602139432841,1.449754319397745,0.08871782168895227
6309.573444801943,0.14450328088860215,0.35549671911139785,0.14449390692135028,0.3555060930786497,0.05914573484481721,-0.059145734844945196,0.05914573484490039,0.059145736710231045,0.08616482527479263,1.456822250721713,0.0887186022672258
7079.457843841388,0.1445029241179405,0.35549707588205953,0.14449456949531947,0.35550543050468053,0.05914619864667739,-0.05914619864672363,0.059146198646707435,0.0591461998100673,0.08601840351118994,1.454335253784956,0.08871929797001608
7943.282347242822,0.1445026061410198,0.3554973938589802,0.14449516002373086,0.35550483997626914,0.05914661201667426,-0.0591466120166116,0.05914661201663353,0.059146601294191026,0.08662671135972744,1.4646101291408493,0.08871991802501139
8912.509381337459,0.14450232273999525,0.3554976772600047,0.1444956863396385,0.3555043136603615,0.05914698043800615,-0.05914698043774695,0.059146980437837685,0.059146960890710254,0.08582500266030024,1.4510467041389459,0.08872047065700922
10000.0,0.1445020701558115,0.3554979298441885,0.14449615542493177,0.35550384457506823,0.05914730879744505,-0.05914730879745224,0.05914730879744971,0.059147310020046806,0.08606359513940731,1.4550720076743602,0.08872096319616757
