Omega,switch_rate,mean_sigma_z_full,mean_sigma_z_effective,stationary_trace_distance,relative_spectral_distance,zero_frequency_spectrum_ratio,slowest_visible_decay_rate,sigma_full,sigma_hidden
0.0,0.001,-0.5262982242903335,-0.4015019152808916,0.06239815450472094,0.9228490513071621,74.58630418965006,0.0019999999999998855,0.00016439414810963117,0.00016439414810961935
0.0,0.001188502227437019,-0.5262690194562043,-0.4015019152808916,0.06238355208765635,0.9109877836970384,62.94316262736688,0.0023770044548739313,0.0001953370877174593,0.0001953370877174416
0.0,0.001412537544622754,-0.5262343272177028,-0.4015019152808916,0.0623662059684056,0.8974845513656006,53.128475040818564,0.0028250750892454264,0.00023209401077788349,0.00023209401077793073
0.0,0.0016788040181225606,-0.5261931204972807,-0.4015019152808916,0.06234560260819455,0.882219307644385,44.859602001686,0.0033576080362452076,0.0002757531206112135,0.0002757531206112076
0.0,0.001995262314968879,-0.5261441816125887,-0.4015019152808916,0.062321133165848544,0.8650938592757937,37.895770266124536,0.003990524629937539,0.00032760456913202005,0.00032760456913202596
0.0,0.0023713737056616554,-0.5260860675754706,-0.4015019152808916,0.062292076147289516,0.8460413666042864,32.03262441149895,0.004742747411323474,0.0003891772229206836,0.0003891772229206482
0.0,0.002818382931264455,-0.5260170693502864,-0.4015019152808916,0.06225757703469739,0.8250358611473274,27.09716456374629,0.005636765862529025,0.0004622818296918796,0.0004622818296919268
0.0,0.003349654391578276,-0.5259351641345447,-0.4015019152808916,0.062216624426826544,0.8021007798374399,22.943200141755653,0.006699308783156501,0.0005490615776155949,0.0005490615776155949
0.0,0.003981071705534973,-0.5258379596291455,-0.4015019152808916,0.06216802217412694,0.7773153640167698,19.447352886639326,0.007962143411070051,0.0006520511418292935,0.000652051141829264
0.0,0.0047315125896148025,-0.5257226291821437,-0.4015019152808916,0.06211035695062608,0.7508177961699909,16.505591150438963,0.009463025179229473,0.0007742454005034345,0.0007742454005033932
0.0,0.005623413251903491,-0.5255858366343209,-0.4015019152808916,0.06204196067671469,0.7228041963981139,14.030252565029533,0.011246826503807074,0.0009191790620607931,0.0009191790620607695
0.0,0.006683439175686149,-0.5254236496865206,-0.4015019152808916,0.06196086720281449,0.6935230689432728,11.947502376255542,0.013366878351372371,0.0010910184537279099,0.0010910184537279335
0.0,0.007943282347242814,-0.5252314406781391,-0.4015019152808916,0.06186476269862376,0.6632654049982939,10.195173123830418,0.015886564694485752,0.0012946666481158916,0.0012946666481158974
0.0,0.009440608762859235,-0.5250037738545403,-0.4015019152808916,0.061750929286824394,0.6323512835675583,8.720934002501965,0.018881217525718298,0.0015358829050316548,0.0015358829050317374
0.0,0.011220184543019636,-0.5247342785650897,-0.4015019152808916,0.06161618164209906,0.6011143192480183,7.4807428712545265,0.02244036908603919,0.001821417019974958,0.001821417019974958
0.0,0.01333521432163324,-0.524415508449527,-0.4015019152808916,0.06145679658431774,0.5698855657621803,6.437539206903098,0.026670428643266252,0.002159158518178586,0.002159158518178651
0.0,0.015848931924611134,-0.5240387876372814,-0.4015019152808916,0.061268436178194885,0.538978448022749,5.560141636740828,0.03169786384922233,0.0025582996086385866,0.002558299608638575
0.0,0.018836490894898,-0.523594046426977,-0.4015019152808916,0.061046065573042735,0.5086759976489549,4.8223186844470876,0.037672981789796174,0.003029509284036053,0.003029509284036112
0.0,0.02238721138568339,-0.523069650982623,-0.4015019152808916,0.06078386785086573,0.47922120582318734,4.2020058705563805,0.044774422771366534,0.0035851137600516033,0.0035851137600516093
0.0,0.0266072505979881,-0.5224522344501272,-0.4015019152808916,0.06047515958461781,0.4508108070683575,3.6806462777270714,0.053214501195976135,0.0042392754098421635,0.0042392754098421045
0.0,0.03162277660168379,-0.521726540739087,-0.4015019152808916,0.06011231272909767,0.42359237640735314,3.2426351331722594,0.06324555320336767,0.005008158279462771,0.005008158279462724
0.0,0.037583740428844416,-0.5208752971806961,-0.4015019152808916,0.05968669094990228,0.3976643270779393,2.874851916037975,0.07516748085768901,0.0059100630086395545,0.005910063008639578
0.0,0.0446683592150963,-0.5198791384308737,-0.4015019152808916,0.059188611574991085,0.37307825473893985,2.566266018987885,0.08933671843019281,0.006965507456494314,0.006965507456494337
0.0,0.05308844442309882,-0.5187166112347914,-0.4015019152808916,0.058607347976949914,0.3498430658814042,2.3076041379404275,0.10617688884619779,0.00819722165345746,0.008197221653457543
0.0,0.0630957344480193,-0.5173642975984589,-0.4015019152808916,0.057931191158783674,0.3279304090287254,2.0910693894809906,0.12619146889603863,0.00963001729921164,0.009630017299211634
0.0,0.07498942093324558,-0.51579710164332,-0.4015019152808916,0.057147593181214235,0.30728104634023107,1.9101037184936027,0.14997884186649116,0.011290483836143596,0.01129048383614362
0.0,0.08912509381337455,-0.5139887513967212,-0.4015019152808916,0.05624341805791483,0.28781191382841526,1.7591865137271063,0.17825018762674932,0.01320645679516225,0.013206456795162221
0.0,0.10592537251772886,-0.5119125685946146,-0.4015019152808916,0.055205326656861536,0.26942368466545463,1.6336635478983477,0.2118507450354576,0.015406202178723044,0.015406202178723056
0.0,0.12589254117941676,-0.5095425539455882,-0.4015019152808916,0.0540203193323483,0.2520086498922781,1.5296014469061663,0.2517850823588336,0.01791726660805773,0.01791726660805774
0.0,0.1496235656094433,-0.5068548182589545,-0.4015019152808916,0.05267645148903147,0.23545865805858837,1.4436639029668328,0.2992471312188871,0.020764961022492104,0.020764961022492073
0.0,0.1778279410038923,-0.5038293574378998,-0.4015019152808916,0.05116372107850409,0.21967272236365148,1.373006790790597,0.3556558820077846,0.02397048004880592,0.02397048004880592
0.0,0.21134890398366454,-0.5004521190343445,-0.4015019152808916,0.04947510187672648,0.20456374524568016,1.3151902038969145,0.422697807967329,0.027548712456793294,0.027548712456793235
0.0,0.25118864315095796,-0.49671724071821766,-0.4015019152808916,0.04760766271866304,0.1900636843285643,1.2681061393439883,0.5023772863019169,0.03150586946903919,0.0315058694690391
0.0,0.298538261891796,-0.4926292632314542,-0.4015019152808916,0.0455636739752813,0.1761264668545234,1.229921026184444,0.5970765237835921,0.0358371401044972,0.03583714010449718
0.0,0.3548133892335753,-0.4882050462342704,-0.4015019152808916,0.04335156547668942,0.1627281284386427,1.1990324051176644,0.7096267784671518,0.04052466131195078,0.04052466131195079
0.0,0.4216965034285822,-0.48347506609646723,-0.4015019152808916,0.04098657540778783,0.14986404640203538,1.17403874819967,0.8433930068571652,0.045536142941559075,0.04553614294155913
0.0,0.501187233627272,-0.47848377461275415,-0.4015019152808916,0.03849092966593129,0.1375437180581576,1.1537206809087341,1.0023744672545443,0.050824487680838304,0.05082448768083836
0.0,0.5956621435290104,-0.4732887667398605,-0.4015019152808916,0.03589342572948445,0.12578415143346006,1.1370309070178053,1.1913242870580207,0.056328672849101674,0.05632867284910169
0.0,0.707945784384138,-0.46795864895962547,-0.4015019152808916,0.033228366839366946,0.11460335461566966,1.1230892596375233,1.4158915687682738,0.06197600889726143,0.06197600889726145
0.0,0.8413951416451948,-0.4625697000496553,-0.4015019152808916,0.030533892384381867,0.10401540107197432,1.111178891478195,1.6246245157089738,0.06768567736909466,0.06768567736909456
0.0,1.0,-0.4572016314589859,-0.4015019152808916,0.027849858089047164,0.0940280257535474,1.100739963281023,1.6863179261108097,0.07337322284388612,0.07337322284388612
0.0,1.1885022274370176,-0.45193292993405265,-0.4015019152808916,0.02521550732658054,0.08464282485830373,1.09135833400281,1.7474126773678467,0.0789554874908481,0.07895548749084806
0.0,1.412537544622754,-0.44683635022323265,-0.4015019152808916,0.022667217471170537,0.07585725056748784,1.0827484351722079,1.8063890781010068,0.0843553866131456,0.08435538661314555
0.0,1.6788040181225607,-0.4419750948242246,-0.4015019152808916,0.020236589771666508,0.06766709519709836,1.074731241901806,1.8619332173626528,0.08950595626020491,0.08950595626020488
0.0,1.9952623149688788,-0.43740008026262955,-0.4015019152808916,0.01794908249086899,0.06006823648466957,1.0672095356651052,1.913072380845995,0.09435324964466964,0.09435324964466967
0.0,2.371373705661655,-0.43314848599356826,-0.4015019152808916,0.01582328535633834,0.053056961803287055,1.060143181893965,1.9592306500214924,0.09885787460189902,0.09885787460189911
0.0,2.818382931264452,-0.4292435681829572,-0.4015019152808916,0.013870826451032825,0.046628891983057565,1.0535269035168568,2.000206005018658,0.10299519089136994,0.1029951908913699
0.0,3.3496543915782757,-0.4256955462665948,-0.4015019152808916,0.012096815492851604,0.040777063651433645,1.0473722522581583,2.0360956678606406,0.10675437087464065,0.10675437087464075
0.0,3.981071705534969,-0.4225032648861816,-0.4015019152808916,0.010500674802645021,0.03548993178607253,1.0416945029325217,2.0672029055651335,0.1101366386703593,0.11013663867035933
0.0,4.731512589614803,-0.41965630262695897,-0.4015019152808916,0.009077193673033696,0.030749938508535773,1.0365043228422592,2.093950311368565,0.11315303591656597,0.11315303591656609
0.0,5.623413251903491,-0.41713722778164697,-0.4015019152808916,0.007817656250377697,0.026532997131801135,1.031803473745985,2.1168119046701372,0.11582203175652561,0.11582203175652549
0.0,6.683439175686142,-0.41492376665512753,-0.4015019152808916,0.00671092568711798,0.02280892021092436,1.0275835267506812,2.136266382630655,0.11816722548889427,0.11816722548889443
0.0,7.943282347242813,-0.412990728211144,-0.4015019152808916,0.005744406465126223,0.019542586205346716,1.0238265546915477,2.1527685082067967,0.12021530737700328,0.12021530737700326
0.0,9.440608762859226,-0.411311602452493,-0.4015019152808916,0.0049048435858007056,0.01669553084289125,1.0205069157088085,2.1667339168128197,0.12199436514217818,0.12199436514217818
0.0,11.220184543019629,-0.40985980878118405,-0.4015019152808916,0.00417894675014624,0.014227650920812147,1.017593462413137,2.178532890604731,0.12353256130828835,0.12353256130828831
0.0,13.33521432163324,-0.40860961138095186,-0.4015019152808916,0.003553848050030145,0.01209877815023877,1.0150517351386483,2.1884896369676503,0.12485716334087882,0.12485716334087868
0.0,15.848931924611142,-0.4075367426038332,-0.4015019152808916,0.003017413661470819,0.010269975146439571,1.0128458869911783,2.196884654718972,0.12599388316017324,0.1259938831601729
0.0,18.83649089489798,-0.406618785910808,-0.4015019152808916,0.002558435314958224,0.008704493365499022,1.0109402285828357,2.2039586235709514,0.12696647140998546,0.12696647140998538
0.0,22.38721138568338,-0.4058353711915087,-0.4015019152808916,0.0021667279553085617,0.007368397813477515,1.0093003727722154,2.209916863960148,0.12779651051369215,0.12779651051369176
0.0,26.607250597988084,-0.40516823094044874,-0.4015019152808916,0.001833157829778581,0.006230902358236884,1.0078940131748804,2.2149338213055803,0.12850335515471695,0.12850335515471664
0.0,31.622776601683793,-0.404601158632255,-0.4015019152808916,0.001549621675681706,0.005264476457329273,1.0066913955010695,2.2191572855477766,0.12910417637856492,0.12910417637856478
0.0,37.58374042884443,-0.40411990265749276,-0.4015019152808916,0.0013089936883005915,0.0044447858275873196,1.0056655478009173,2.2227122119666394,0.12961407396933597,0.1296140739693367
0.0,44.66835921509626,-0.4037120215319885,-0.4015019152808916,0.0011050531255484553,0.0037505225761877256,1.0047923321741574,2.2257040990785892,0.1300462298575164,0.1300462298575168
0.0,53.08844442309879,-0.4033667193859884,-0.4015019152808916,0.0009324020525484089,0.0031631696007895574,1.0040503718360994,2.2282219287494565,0.13041208242157115,0.13041208242157082
0.0,63.0957344480193,-0.40307467520417534,-0.4015019152808916,0.000786379961641881,0.0026667328677790823,1.0034208970607577,2.230340698696155,0.13072150741058824,0.13072150741058772
0.0,74.98942093324558,-0.40282787492415467,-0.4015019152808916,0.0006629798216315486,0.0022474652095361846,1.002887543410632,2.2321235884385486,0.13098299583833456,0.13098299583833362
0.0,89.12509381337459,-0.40261945218966044,-0.4015019152808916,0.000558768454384434,0.0018935972167833256,1.0024361267823056,2.2336238027010795,0.13120382270751366,0.13120382270751257
0.0,105.92537251772876,-0.4024435411263476,-0.4015019152808916,0.00047081292272802,0.0015950846933407445,1.0020544124984727,2.234886134966062,0.13139020299591941,0.1313902029959197
0.0,125.89254117941663,-0.4022951427861937,-0.4015019152808916,0.00039661375265107046,0.0013433777502867706,1.001731889962019,2.2359482905108448,0.13154743316050327,0.13154743316050233
0.0,149.6235656094433,-0.4021700057295038,-0.4015019152808916,0.0003340452243061065,0.0011312136130633922,1.0014595600848768,2.236842004060037,0.13168001766244938,0.13168001766244883
0.0,177.82794100389228,-0.40206452044367214,-0.4015019152808916,0.0002813025813902803,0.0009524332688692848,1.0012297395746748,2.2375939828281215,0.13179178083200563,0.13179178083200277
0.0,211.34890398366477,-0.4019756268243555,-0.4015019152808916,0.00023685577173196415,0.0008018209010976012,1.0010358839645581,2.238226701573914,0.13188596489350599,0.13188596489350315
0.0,251.18864315095772,-0.401900733680445,-0.4015019152808916,0.00019940919977670668,0.0006749644039613452,1.0008724297835228,2.238759072498694,0.13196531525100377,0.13196531525100724
0.0,298.53826189179574,-0.40183764910414804,-0.4015019152808916,0.00016786691162823386,0.0005681349652313018,1.0007346553052567,2.2392070094565395,0.13203215426216486,0.1320321542621582
0.0,354.8133892335753,-0.4017845205230324,-0.4015019152808916,0.00014130262107039937,0.0004781836198838757,1.0006185587324157,2.2395839030142866,0.13208844475398757,0.13208844475398293
0.0,421.6965034285823,-0.401739783286595,-0.4015019152808916,0.00011893400285170608,0.0004024527291577991,1.0005207523612247,2.2399010203625047,0.1321358444960655,0.13213584449606372
0.0,501.18723362727246,-0.40170211671274014,-0.4015019152808916,0.00010010071592428393,0.0003387004659842279,1.0004383711373477,2.240167841918239,0.13217575276997456,0.13217575276997176
0.0,595.6621435290098,-0.40167040661036146,-0.4015019152808916,8.424566473494433e-05,0.0002850365562316491,1.0003689940027836,2.2403923446122516,0.1322093500771333,0.1322093500771357
0.0,707.9457843841374,-0.4016437133934787,-0.4015019152808916,7.08990562935663e-05,0.00023986770759046674,1.0003105764941067,2.2405812402870264,0.13223763192233046,0.13223763192233576
0.0,841.3951416451947,-0.401621245001927,-0.4015019152808916,5.96648605176997e-05,0.0002018513411136527,1.000261393159296,2.2407401763084223,0.13226143750464317,0.1322614375046403
0.0,1000.0,-0.40160233393873335,-0.4015019152808916,5.020932892088603e-05,0.00016985641365700025,1.0002199884861287,2.240873904375224,0.13228147404666443,0.13228147404665774
0.15,0.001,-0.5108616090025246,-0.3979380749992774,0.06483792811479766,0.8989820142858191,66.0839812257924,0.0019999999999998513,0.016367893177221825,0.008900945198150746
0.15,0.001188502227437019,-0.5108397365589021,-0.3979380749992774,0.06482072070254416,0.8842413055685215,55.79793160792608,0.0023770044548737045,0.016391107906704432,0.008926154966464433
0.15,0.001412537544622754,-0.5108137487586694,-0.3979380749992774,0.0648002836190182,0.8676820793861943,47.1271955331404,0.0028250750892453106,0.01641869051257433,0.008956106271986789
0.15,0.0016788040181225606,-0.5107828730069568,-0.3979380749992774,0.06477601379766229,0.8492369639137286,39.822076612574236,0.0033576080362452943,0.016451460982086493,0.008991688549833485
0.15,0.001995262314968879,-0.5107461923791051,-0.3979380749992774,0.06474719683967775,0.8288778580060737,33.66986424035029,0.003990524629938022,0.016490392480033065,0.009033957099863868
0.15,0.0023713737056616554,-0.5107026189545464,-0.3979380749992774,0.06471298698351656,0.8066245770203737,28.49002024084947,0.0047427474113232474,0.016536639646987105,0.009084163612398619
0.15,0.002818382931264455,-0.5106508623485004,-0.3979380749992774,0.06467238368485966,0.7825515104122159,24.129706594365018,0.005636765862529086,0.01659157199301358,0.009143792143271424
0.15,0.003349654391578276,-0.5105893926289733,-0.3979380749992774,0.06462420432168309,0.7567911598056254,20.459769022099817,0.0066993087831565944,0.0166568132480505,0.009214601440023257
0.15,0.003981071705534973,-0.5105163966931653,-0.3979380749992774,0.06456705250781855,0.7295336427928019,17.37120582013256,0.007962143411069808,0.01673428765115554,0.009298674639646894
0.15,0.0047315125896148025,-0.5104297270571663,-0.3979380749992774,0.06449928148269495,0.7010216862542419,14.772106018751135,0.00946302517922946,0.01682627428717776,0.00939847747819101
0.15,0.005623413251903491,-0.5103268418947802,-0.3979380749992774,0.064418952057205,0.6715412311264685,12.585018986995607,0.011246826503807194,0.016935470705116855,0.00951692626566758
0.15,0.006683439175686149,-0.5102047350522747,-0.3979380749992774,0.06432378464929728,0.6414084071816782,10.744708914544507,0.013366878351372848,0.017065067166865927,0.009657466972880765
0.15,0.007943282347242814,-0.510059854683675,-0.3979380749992774,0.06421110505961888,0.6109541647627619,9.196246187409283,0.01588656469448547,0.01721883296169696,0.009824166830001955
0.15,0.009440608762859235,-0.5098880091189684,-0.3979380749992774,0.06407778384388951,0.5805081464732516,7.893390021686001,0.01888121752571832,0.01740121625500692,0.010021819819863264
0.15,0.011220184543019636,-0.5096842586318362,-0.3979380749992774,0.06392016946969006,0.5503833866846437,6.797220814630669,0.02244036908603897,0.017617458880872048,0.010256067318064548
0.15,0.01333521432163324,-0.5094427919678465,-0.3979380749992774,0.06373401594434931,0.5208631638719324,5.874985384740527,0.026670428643266533,0.017873727279948633,0.010533534824080712
0.15,0.015848931924611134,-0.5091567869060812,-0.3979380749992774,0.06351440631906612,0.4921908912854669,5.0991229941518705,0.03169786384922196,0.018177260345155946,0.010861985154121775
0.15,0.018836490894898,-0.508818254865642,-0.3979380749992774,0.06325567446892383,0.4645634365355828,4.446444469674279,0.03767298178979623,0.018536534151447084,0.011250487505996684
0.15,0.02238721138568339,-0.5084178707843116,-0.3979380749992774,0.06295132887604325,0.4381278204740577,3.8974407276202028,0.04477442277136683,0.018961442253428166,0.011709600296239128
0.15,0.0266072505979881,-0.507944791390183,-0.3979380749992774,0.06259398384974246,0.41298093081573595,3.4357005207100606,0.05321450119597638,0.0194634882231297,0.01225156340055849
0.15,0.03162277660168379,-0.5073864678143121,-0.3979380749992774,0.06217530572145758,0.38917171842185566,3.047420271522945,0.06324555320336767,0.020055984098887744,0.0128904921424174
0.15,0.037583740428844416,-0.5067284625600765,-0.3979380749992774,0.06168598401884093,0.36670530604942225,2.72099146918853,0.0751674808576885,0.020754244100901605,0.013642560776779073
0.15,0.0446683592150963,-0.5059542864830553,-0.3979380749992774,0.06111574033274029,0.34554848935419574,2.446653327458891,0.08933671843019307,0.021575756990710314,0.014526157011639168
0.15,0.05308844442309882,-0.5050452789316322,-0.3979380749992774,0.0604533903000629,0.3256362008868088,2.216200279034162,0.10617688884619778,0.022540312507580276,0.015561981080524541
0.15,0.0630957344480193,-0.5039805636671271,-0.3979380749992774,0.059686976435363005,0.3068785998117143,2.0227354590857862,0.12619146889603833,0.023670047286241447,0.01677305302524702
0.15,0.07498942093324558,-0.5027371243410024,-0.3979380749992774,0.058803990880042595,0.28916851733757365,1.8604626563224183,0.14997884186649138,0.024989363849380605,0.018184580618855792
0.15,0.08912509381337455,-0.5012900551466429,-0.3979380749992774,0.057791706765382034,0.2723890201500266,1.7245103303579943,0.17825018762674863,0.026524663746895216,0.019823628978699895
0.15,0.10592537251772886,-0.4996130526296245,-0.3979380749992774,0.056637633969521796,0.256420854009704,1.6107822613238363,0.21185074503545792,0.028303824967412204,0.021718523785015317
0.15,0.12589254117941676,-0.4976792198254248,-0.3979380749992774,0.05533010876461076,0.24114950711070393,1.5158302683735887,0.25178508235883384,0.030355348304297442,0.023897917054690063
0.15,0.1496235656094433,-0.4954622484691996,-0.3979380749992774,0.053859016527215364,0.22647159951877457,1.436745266500724,0.29924713121888696,0.032707103165141006,0.026389453156748472
0.15,0.1778279410038923,-0.4929380222892807,-0.3979380749992774,0.052216631948952597,0.21230027079387145,1.3710637753893473,0.3556558820077846,0.03538462745820724,0.02921799978448471
0.15,0.21134890398366454,-0.4900866379043924,-0.3979380749992774,0.050398542093752094,0.19856921131427813,1.316687870106439,0.4226978079673291,0.038408985489472296,0.032403459941381926
0.15,0.25118864315095796,-0.48689476627853123,-0.3979380749992774,0.04840459487314079,0.18523497724861374,1.2718174363209074,0.5023772863019159,0.041794265752766326,0.035958259175042466
0.15,0.298538261891796,-0.4833581808343843,-0.3979380749992774,0.04623979069340555,0.17227727093442108,1.2348943523274651,0.5970765237835928,0.04554490306300728,0.03988470241346805
0.15,0.3548133892335753,-0.4794841728240945,-0.3979380749992774,0.04391501143295815,0.15969699873859008,1.2045586881980919,0.7096267784671502,0.049653121152386195,0.0441725009647874
0.15,0.4216965034285822,-0.47529348702677304,-0.3979380749992774,0.04144746417939809,0.14751217754405502,1.1796169956493237,0.8433930068571638,0.05409688442708288,0.04879685490383324
0.15,0.501187233627272,-0.47082137571416416,-0.3979380749992774,0.038860715451767266,0.1357521510761322,1.15902215236173,0.8824467611447961,0.05883878462225464,0.05371750433162256
0.15,0.5956621435290104,-0.46611741765411896,-0.3979380749992774,0.03618421402099545,0.12445101942366292,1.1418631080225712,0.9111720676067355,0.063826236209472,0.058879103765708506
0.15,0.707945784384138,-0.4612438955345591,-0.3979380749992774,0.033452252933644074,0.11364150799340612,1.127361587713896,0.9387520318501466,0.06899319899766598,0.06421311484119878
0.15,0.8413951416451948,-0.45627275308911436,-0.3979380749992774,0.030702401657681067,0.10335050136902617,1.1148718430269222,0.9646186757535463,0.07426340493362991,0.06964117238041698
0.15,1.0,-0.45128141327687393,-0.3979380749992774,0.027973533381408743,0.09359703126545792,1.1038793726318057,0.9883665689929024,0.07955479068178095,0.07507960950686542
0.15,1.1885022274370176,-0.4463479620870949,-0.3979380749992774,0.02530365645936611,0.08439273367986033,1.0939953634201136,1.0097680024453182,0.08478460124330595,0.08044460018522984
0.15,1.412537544622754,-0.44154632445875663,-0.3979380749992774,0.022727806949669447,0.07574398709175698,1.0849452329940081,1.0287569302182498,0.08987450089193069,0.08565725803411135
0.15,1.6788040181225607,-0.43694204489110544,-0.3979380749992774,0.020276254269718248,0.06765447579968342,1.0765515586716397,1.045394044926681,0.09475504259755045,0.09064805263716766
0.15,1.9952623149688788,-0.4325891443083923,-0.3979380749992774,0.01797321422051356,0.060126991695093106,1.068713246288077,1.0598262610783205,0.09936899659762388,0.09536005817108494
0.15,2.371373705661655,-0.428528303321419,-0.3979380749992774,0.01583617006315951,0.05316381317002964,1.0613835984105806,1.0722499759699817,0.10367327338565047,0.0997507843256227
0.15,2.818382931264452,-0.4247863844962918,-0.3979380749992774,0.01387579965392639,0.04676568729759191,1.0545498951875105,1.0828825067449852,0.10763942801026191,0.10379258892321323
0.15,3.3496543915782757,-0.42137711019714713,-0.3979380749992774,0.01209642045731921,0.040929973991870754,1.0482164143635984,1.091942368551999,0.11125294021517207,0.1074718756268746
0.15,3.981071705534969,-0.4183025919553591,-0.3979380749992774,0.010496810679541113,0.03564871380405881,1.0423918502649028,1.0996370925852228,0.1145115926633693,0.1107874039334202
0.15,4.731512589614803,-0.4155553681054297,-0.3979380749992774,0.009071247531774768,0.030907266303119768,1.0370811808762805,1.106156660811214,0.11742331096747477,0.11374807680963898
0.15,5.623413251903491,-0.41312063309500213,-0.3979380749992774,0.007810616405868916,0.026683868455931865,1.0322813839642933,1.1116707437060231,0.1200038009461501,0.11637054067994018
0.15,6.683439175686142,-0.41097840872014796,-0.3979380749992774,0.006703476083408383,0.022950140517705123,1.0279800761233882,1.1163283132262687,0.1222742476770235,0.11867686026962156
0.15,7.943282347242813,-0.40910548902932486,-0.3979380749992774,0.005737003295194765,0.019672331266153673,1.0241560946048436,1.120258618336076,0.12425925456321087,0.12069244390429215
0.15,9.440608762859226,-0.40747706768900627,-0.3979380749992774,0.004897776089607293,0.016812985264829567,1.0207811652532583,1.1235728548433308,0.1259851189952817,0.1224443132271334
0.15,11.220184543019629,-0.40606801843808055,-0.3979380749992774,0.004172384456214894,0.014332716829862447,1.0178220049515467,1.1263661137030063,0.1274784756825858,0.12395974609158347
0.15,13.33521432163324,-0.4048538423041075,-0.3979380749992774,0.0035478767612960307,0.012191846182589528,1.0152424223883352,1.1287193635200405,0.12876529312878468,0.12526527621949837
0.15,15.848931924611142,-0.4038113207417243,-0.3979380749992774,0.003012062343207501,0.010351748849550044,1.0130051657357872,1.130701333645825,0.1298701817314161,0.12638600666424624
0.15,18.83649089489798,-0.4029189254087358,-0.3979380749992774,0.002553695800768379,0.008775857995718565,1.011073403988782,1.1323702326823981,0.1308159597504234,0.12734518227946437
0.15,22.38721138568338,-0.4021570371570573,-0.3979380749992774,0.002162569103191514,0.0074303250513123925,1.0094118203991127,1.1337752778405283,0.13162342142473976,0.12816396475195704
0.15,26.607250597988084,-0.40150802279109366,-0.3979380749992774,0.0018295354727014572,0.0062843833728456365,1.0079873497607656,1.134958033623444,0.13231125578517242,0.12886135827505266
0.15,31.622776601683793,-0.4009562111712147,-0.3979380749992774,0.0015464854437112008,0.005310476826154493,1.006769616748215,1.135953570512217,0.13289607210557042,0.1294542415146943
0.15,37.58374042884443,-0.400487802324042,-0.3979380749992774,0.0013062915448092825,0.004484216911823231,1.0057311397859898,1.1367914600678333,0.13339249632393108,0.12995747003854552
0.15,44.66835921509626,-0.400090735585196,-0.3979380749992774,0.0011027342629449535,0.003784224981567441,1.0048473616735851,1.137496624864302,0.13381331085737647,0.13038402155761314
0.15,53.08844442309879,-0.39975453607943645,-0.3979380749992774,0.0009304186328884716,0.0031919052705609062,1.0040965597739429,1.138090061592771,0.13416961735679558,0.1307451635084288
0.15,63.0957344480193,-0.39947015328143104,-0.3979380749992774,0.0007846880608877607,0.0026911831406732254,1.0034596784165486,1.1385894545287536,0.1344710078403396,0.13105062843221998
0.15,74.98942093324558,-0.39922980100657,-0.3979380749992774,0.0006615398385276428,0.002268232828733865,1.0029201162344814,1.139009694919259,0.13472573430070026,0.13130878728360118
0.15,89.12509381337459,-0.39902680483927755,-0.3979380749992774,0.0005575451707416053,0.0019112108030301,1.0024634924181028,1.139363320056927,0.1349408704221595,0.13152681435260977
0.15,105.92537251772876,-0.3988554605494283,-0.3979380749992774,0.0004697753466599003,0.0016100046119601522,1.002077408687027,1.1396608840485887,0.13512246164654362,0.13171084009098857
0.15,125.89254117941663,-0.3987109052998048,-0.3979380749992774,0.0003957348357148141,0.001356002622216764,1.0017512181571233,1.1399112706449206,0.1352756616788945,0.13186608998508148
0.15,149.6235656094433,-0.398589002247838,-0.3979380749992774,0.00033330151415868854,0.0011418869622640013,1.0014758080489723,1.1401219570224912,0.13540485479471273,0.13199700888630983
0.15,177.82794100389228,-0.3984862383551798,-0.3979380749992774,0.0002806738506179894,0.0009614499776289957,1.0012434001119925,1.140299236103004,0.13551376414723756,0.13210737104287945
0.15,211.34890398366477,-0.39839963472802264,-0.3979380749992774,0.00023632464876411176,0.0008094332731968968,1.0010473704823155,1.140448403860776,0.135605546792979,0.13220037659182787
0.15,251.18864315095772,-0.3983266685321028,-0.3979380749992774,0.0001989608175734004,0.0006813877273400432,1.0008820892420904,1.1405739170894673,0.13568287644919713,0.13227873556133882
0.15,298.53826189179574,-0.3982652053937592,-0.3979380749992774,0.00016748858292492153,0.0005735525263497995,1.0007427790105505,1.1406795262575862,0.13574801513740184,0.13234474056940915
0.15,354.8133892335753,-0.3982134411629603,-0.3979380749992774,0.00014098354424134556,0.0004827511656411712,1.0006253913447225,1.1407683873687107,0.1358028749044198,0.13240032943818433
0.15,421.6965034285823,-0.39816985194117693,-0.3979380749992774,0.0001186649995595217,0.0004063023947990714,1.0005264994214633,1.140843156131641,0.13584907078393726,0.1324471389108761
0.15,501.18723362727246,-0.39813315134161587,-0.3979380749992774,9.987399974990145e-05,0.000341944206100342,1.0004432053634127,1.1409060672300737,0.13588796609287201,0.1324865505864645
0.15,595.6621435290098,-0.3981022540338995,-0.3979380749992774,8.405463895391666e-05,0.0002877691211828934,1.0003730605601862,1.1409590010448813,0.13592071106726547,0.13251973009460485
0.15,707.9457843841374,-0.39807624471874703,-0.3979380749992774,7.073813834827755e-05,0.00024216921262428431,1.0003139974122006,1.1410035398086713,0.13594827574329993,0.13254766043146718
0.15,841.3951416451947,-0.39805435177315784,-0.3979380749992774,5.952933052090148e-05,0.0002037894735735203,1.0002642710331069,1.1410410148670684,0.13597147788840458,0.13257117027455895
0.15,1000.0,-0.398035924897559,-0.3979380749992774,5.009519943250122e-05,0.00017148832335296487,1.000222409582069,1.141072546452456,0.13599100669099962,0.13259095799591103
0.4,0.001,-0.43701919968631225,-0.37746301444208336,0.06828443444832796,0.673717316291347,33.16370039940576,0.001999999999999944,0.09386547349974078,0.050026311749454204
0.4,0.001188502227437019,-0.4370238974518846,-0.37746301444208336,0.06826431304632796,0.6455308669184311,28.115784600507066,0.0023770044548740766,0.09386065876081655,0.05002949491231977
0.4,0.001412537544622754,-0.43702946011148625,-0.37746301444208336,0.06824041619572649,0.6168541871141064,23.86054907690041,0.0028250750892452113,0.09385495816014944,0.050033292620892865
0.4,0.0016788040181225606,-0.43703604223763726,-0.37746301444208336,0.06821203939533421,0.5880303110029674,20.275453183206515,0.003357608036244861,0.09384821361602504,0.05003782665907997
0.4,0.001995262314968879,-0.43704382408651965,-0.37746301444208336,0.06817834828406583,0.5593949204787496,17.256106003911857,0.003990524629937571,0.0938402408825303,0.05004324418690521
0.4,0.0023713737056616554,-0.43705301503956656,-0.37746301444208336,0.06813835536028656,0.5312627730793756,14.71390410634414,0.004742747411323305,0.09383082609044596,0.05004972350108312
0.4,0.002818382931264455,-0.43706385713326684,-0.37746301444208336,0.06809089279733692,0.5039165325086515,12.573836654107442,0.0056367658625286945,0.09381972222607933,0.050057481270543235
0.4,0.003349654391578276,-0.4370766284736546,-0.37746301444208336,0.06803458081262748,0.4775986555772565,10.772514206423491,0.006699308783156518,0.0938066457678287,0.0500667816760088
0.4,0.003981071705534973,-0.43709164621021934,-0.37746301444208336,0.06796779102082709,0.4525065017184503,9.256435623893843,0.00796214341107004,0.09379127382939662,0.050077948019758525
0.4,0.0047315125896148025,-0.43710926856987725,-0.37746301444208336,0.06788860419807385,0.4287904309221436,7.9804852642817075,0.009463025179229282,0.0937732423431456,0.050091377553695
0.4,0.005623413251903491,-0.4371298952060192,-0.37746301444208336,0.06779476191785591,0.4065543940660222,6.90664187797931,0.0112468265038069,0.09375214607699484,0.05010756051453177
0.4,0.006683439175686149,-0.43715396477606594,-0.37746301444208336,0.06768361160987926,0.3858584027408794,6.002876350534488,0.013366878351372404,0.09372754163901963,0.05012710467117853
0.4,0.007943282347242814,-0.4371819481935631,-0.37746301444208336,0.06755204476806334,0.36672226788355045,5.242214747041097,0.01588656469448564,0.09369895511768184,0.05015076710144683
0.4,0.009440608762859235,-0.4372143353710193,-0.37746301444208336,0.06739642832792334,0.3491300764307805,4.601944268694525,0.018881217525718225,0.09366589667012126,0.05017949544500535
0.4,0.011220184543019636,-0.4372516124371504,-0.37746301444208336,0.06721252969287946,0.3330349906997175,4.062941745960437,0.02244036908603925,0.09362788524880432,0.05021448154903355
0.4,0.01333521432163324,-0.4372942253363037,-0.37746301444208336,0.0669954365699218,0.3183640731629418,3.6091066121733806,0.026670428643266433,0.09358448779041029,0.05025723124865211
0.4,0.015848931924611134,-0.43734252436709586,-0.37746301444208336,0.06673947374430889,0.3050229395480507,3.2268826275405638,0.03169786384922235,0.09353537861317283,0.050309655007582006
0.4,0.018836490894898,-0.43739668258504105,-0.37746301444208336,0.06643812025319626,0.29290011832820173,2.9048548063129527,0.03767298178979583,0.09348042648588922,0.050374185256025036
0.4,0.02238721138568339,-0.43745657912696423,-0.37746301444208336,0.06608393217957835,0.2818710470790413,2.633409972967089,0.04477442277136716,0.09341981879346799,0.05045392741597858
0.4,0.0266072505979881,-0.4375216365565129,-0.37746301444208336,0.0656684785313231,0.2718016739566583,2.4044511164996245,0.0532145011959756,0.093354234277802,0.05055285261625372
0.4,0.03162277660168379,-0.4375905995836076,-0.37746301444208336,0.06518230039843041,0.26255166523139045,2.211157228984109,0.06324555320336783,0.09328507765692245,0.05067604063617812
0.4,0.037583740428844416,-0.43766124152590125,-0.37746301444208336,0.0646149067083816,0.25397725485519623,2.0477816197442453,0.0751674808576883,0.0932147904381821,0.050829981122671716
0.4,0.0446683592150963,-0.4377299855533466,-0.37746301444208336,0.06395482319032444,0.24593381255794833,1.9094828070473482,0.089336718430192,0.09314725149488953,0.05102293874614556
0.4,0.05308844442309882,-0.4377914314244794,-0.37746301444208336,0.06318971416382116,0.2382782507720533,1.7921830206876295,0.10617688884619832,0.09308827705840125,0.051265382485747434
0.4,0.0630957344480193,-0.4378377868969836,-0.37746301444208336,0.06230659875597744,0.23087143030714988,1.692450112656428,0.12619146889603852,0.09304622077646124,0.05157046910648579
0.4,0.07498942093324558,-0.4378582184463681,-0.37746301444208336,0.06129218307978106,0.2235807480124208,1.6073992762406206,0.14997884186649132,0.09303265811485834,0.05195455437300247
0.4,0.08912509381337455,-0.43783816047365853,-0.37746301444208336,0.06013332647705134,0.21628308106962923,1.5346114209091888,0.17825018762674974,0.09306311340402791,0.05243768117249079
0.4,0.10592537251772886,-0.4377586570154559,-0.37746301444208336,0.05881765178890225,0.20886820531532813,1.4720653489627133,0.211850745035459,0.09315775101377685,0.05304396117800627
0.4,0.12589254117941676,-0.4375958538766801,-0.37746301444208336,0.05733429576623207,0.20124268584795849,1.4180810508902275,0.2517850823588326,0.09334190577924,0.05380172819502385
0.4,0.1496235656094433,-0.4373208064899585,-0.37746301444208336,0.05567477613246525,0.193334055085475,1.3712715268707305,0.2992471312188868,0.09364627784236244,0.05474330341524377
0.4,0.1778279410038923,-0.43689980770762604,-0.37746301444208336,0.05383392803981707,0.18509486543751077,1.330500637944873,0.3556558820077849,0.09410657617940892,0.05590418781716284
0.4,0.21134890398366454,-0.43629545109809553,-0.37746301444208336,0.05181083830908388,0.17650597908754967,1.294844718629082,0.42269780796733025,0.09476238340832344,0.057321503254651796
0.4,0.25118864315095796,-0.4354686053828473,-0.37746301444208336,0.04960968618332666,0.1675783129005654,1.2635561861133164,0.5023772863019157,0.095655057112684,0.059031562681817314
0.4,0.298538261891796,-0.4343813632958301,-0.37746301444208336,0.04724038994312593,0.1583522811826387,1.236028257257244,0.5970765237835929,0.09682460214056789,0.06106657805782106
0.4,0.3548133892335753,-0.43300083741570605,-0.37746301444208336,0.0447189633623577,0.14889444011354663,1.2117610931179688,0.7096267784671505,0.09830565031865542,0.06345071150990216
0.4,0.4216965034285822,-0.431303429688201,-0.37746301444208336,0.042067504657852556,0.13929133839153782,1.1903309738394436,0.8433930068571642,0.10012294400628434,0.0661959117388783
0.4,0.501187233627272,-0.4292789603277472,-0.37746301444208336,0.03931376961492798,0.12964122787102123,1.1713649992139712,1.002374467254545,0.1022869744265952,0.06929818985288037
0.4,0.5956621435290104,-0.42693389277550464,-0.37746301444208336,0.03649031507131463,0.1200449032751798,1.1545238054865115,1.1913242870580218,0.10479058249254931,0.07273509150197788
0.4,0.707945784384138,-0.42429291831662563,-0.37746301444208336,0.03363323635403542,0.1105972946978247,1.139493634393654,1.235908713307282,0.10760730025654604,0.0764650404222137
0.4,0.8413951416451948,-0.42139840454538424,-0.37746301444208336,0.03078056347970385,0.10138134395656076,1.1259870484691599,1.2800222301222097,0.11069195552051,0.08042893907670931
0.4,1.0,-0.4183076253113583,-0.37746301444208336,0.027970426831606075,0.09246510658365983,1.1137494370745846,1.323383875841277,0.113983624031535,0.08455397095206349
0.4,1.1885022274370176,-0.41508815941059063,-0.37746301444208336,0.02523914863067897,0.0839020897785591,1.1025671475208116,1.365130029331234,0.11741051672250301,0.08875908234216386
0.4,1.412537544622754,-0.41181222269945406,-0.37746301444208336,0.022619448585183305,0.07573390014583918,1.0922731965114039,1.3262818864791743,0.12089599068330083,0.0929612768551838
0.4,1.6788040181225607,-0.40855086798948753,-0.37746301444208336,0.020138954340544364,0.06799371395857007,1.0827479664200401,1.2958847275642993,0.12436469400901586,0.09708173831528083
0.4,1.9952623149688788,-0.4053689148799748,-0.37746301444208336,0.01781917057842943,0.06070911806842134,1.0739143616095044,1.284863807914372,0.12774793219228553,0.10105092553107838
0.4,2.371373705661655,-0.4023212108078055,-0.37746301444208336,0.015674990217538626,0.05390343307086247,1.065728715633905,1.2801390708272755,0.13098762070958164,0.10481208788535633
0.4,2.818382931264452,-0.39945048078208767,-0.37746301444208336,0.013714745926107382,0.04759541235307154,1.0581697122854417,1.278311324931008,0.13403855282229732,0.10832301985604875
0.4,3.3496543915782757,-0.39678670419723616,-0.37746301444208336,0.011940723434488343,0.04179785230293173,1.0512276112004495,1.2779553563116723,0.13686904940369407,0.11155619694105443
0.4,3.981071705534969,-0.3943477340443883,-0.37746301444208336,0.010350007703849149,0.0365159323334967,1.0448954368305934,1.2783598433674856,0.13946029348857222,0.11449764851624583
0.4,4.731512589614803,-0.3921407692152794,-0.37746301444208336,0.00893551537744296,0.03174602025224598,1.0391629184823894,1.2791396697562212,0.14180476260591465,0.11714500946528623
0.4,5.623413251903491,-0.39016428794460684,-0.37746301444208336,0.007687077928379897,0.027475370562359786,1.0340132000287972,1.2800786299648608,0.14390417435504838,0.11950517488031753
0.4,6.683439175686142,-0.3884101139976637,-0.37746301444208336,0.006592469187515489,0.02368279009574958,1.0294218408718998,1.2810545020844544,0.14576729306482517,0.12159190086227405
0.4,7.943282347242813,-0.3868653797271713,-0.37746301444208336,0.005638307159982573,0.020340077634079218,1.0253574207433647,1.2819995616550819,0.14740784719909777,0.12342358874900014
0.4,9.440608762859226,-0.38551424329895473,-0.37746301444208336,0.004810794387497912,0.01741391321372368,1.021783068075401,1.2828783652754228,0.14884270839435,0.1250213885468046
0.4,11.220184543019629,-0.3843392948995493,-0.37746301444208336,0.004096288514363629,0.014867865213590903,1.0186583593982808,1.2836747076481094,0.1500904008948475,0.12640767552184518
0.4,13.33521432163324,-0.3833226425396094,-0.37746301444208336,0.003481713485219702,0.012664253600821667,1.0159412054023957,1.2843837549954622,0.15116995106824432,0.1276048967574258
0.4,15.848931924611142,-0.38244670285270255,-0.37746301444208336,0.002954832539447543,0.010765707412868164,1.0135894970428692,1.2850072259193004,0.15210004988017292,0.12863475021481047
0.4,18.83649089489798,-0.38169474010884785,-0.37746301444208336,0.002504408594586849,0.009136348538443514,1.0115624085587014,1.285550420196749,0.15289848237727957,0.12951764252639045
0.4,22.38721138568338,-0.3810512024847474,-0.37746301444208336,0.0021202777218085073,0.007742604239424199,1.0098213384026764,1.2860203909421108,0.1535817721037147,0.13027236782197613
0.4,26.607250597988084,-0.3805019029722241,-0.37746301444208336,0.0017933589785965025,0.006553693614408139,1.0083305187596037,1.286424833352159,0.15416499017123356,0.13091595345004267
0.4,31.622776601683793,-0.3800340866582944,-0.37746301444208336,0.0015156202212588746,0.005541852413667733,1.0070573482196905,1.2867714256029084,0.15466168471457678,0.13146362580883555
0.4,37.58374042884443,-0.3796364188803193,-0.37746301444208336,0.001280015575773095,0.004682363376223583,1.005972508970744,1.2870674553572197,0.15508389414390067,0.13192885815776142
0.4,44.66835921509626,-0.3792989214301933,-0.37746301444208336,0.0010804065344015372,0.003953452504036429,1.005049926669552,1.2873196258012054,0.1554422153856013,0.13232347074197745
0.4,53.08844442309879,-0.379012877352108,-0.37746301444208336,0.000911475433290121,0.003336100737185329,1.0042666230252941,1.2875339731618693,0.15574590533623744,0.13265776105796045
0.4,63.0957344480193,-0.378770719291717,-0.37746301444208336,0.0007686374420823288,0.0028138087924110653,1.0036025013473533,1.2877158519263405,0.15600299967954168,0.13294064831302718
0.4,74.98942093324558,-0.3785659118773878,-0.37746301444208336,0.0006479551464391835,0.00237234234296631,1.0030400957598948,1.2878699596251049,0.15622043796389962,0.13317982106518375
0.4,89.12509381337459,-0.37839283516386435,-0.37746301444208336,0.0005460582616023139,0.0019994760198136707,1.0025643064022278,1.288000383197888,0.15640418749555923,0.13338188079510238
0.4,105.92537251772876,-0.3782466735964024,-0.37746301444208336,0.000460069893464193,0.001684748016225403,1.0021621360605777,1.2881106555817647,0.15655936132930726,0.1335524769435487
0.4,125.89254117941663,-0.378123313093524,-0.37746301444208336,0.0003875399759274376,0.0014192321686368728,1.0018224383121326,1.2882038154844462,0.15669032760938298,0.13369643093968608
0.4,149.6235656094433,-0.3780192475422322,-0.37746301444208336,0.0003263859811621214,0.0011953309479597663,1.0015356832459117,1.2882824661199814,0.15680080889532436,0.13381784812732994
0.4,177.82794100389228,-0.37793149511518837,-0.37746301444208336,0.0002748406567378768,0.0010065904948364664,1.0012937439259812,1.288348830507455,0.15689397104414154,0.1339202174197957
0.4,211.34890398366477,-0.37785752424471397,-0.37746301444208336,0.0002314063380520259,0.0008475373713575865,1.0010897047484486,1.2884048021053596,0.1569725018286588,0.1340064991027443
0.4,251.18864315095772,-0.3777951887355029,-0.37746301444208336,0.00019481527478288274,0.0007135358322181922,1.0009176915027733,1.288451990286177,0.15703867984536637,0.13407920155463177
0.4,298.53826189179574,-0.37774267130117956,-0.37746301444208336,0.00016399536606835326,0.0006006639495983152,1.000772722102863,1.2884917606127562,0.15709443447311472,0.1341404478388124
0.4,354.8133892335753,-0.3776984347186841,-0.37746301444208336,0.0001380406977837118,0.0005056067241266562,1.0006505764676665,1.288525270140627,0.1571413977400781,0.1341920331940694
0.4,421.6965034285823,-0.3776611797736091,-0.37746301444208336,0.00011618630084637188,0.00042556427606198194,1.0005476837868508,1.2885534981127378,0.1571809489780792,0.13423547445033704
0.4,501.18723362727246,-0.3776298091932817,-0.37746301444208336,9.778659065217644e-05,0.0003581732823136821,1.000461025337405,1.288577272489608,0.15721425311788867,0.13427205235136086
0.4,595.6621435290098,-0.37760339681379973,-0.37746301444208336,8.229699643342217e-05,0.00030143994736075573,1.0003880510472432,1.288597292758113,0.1572422934263889,0.13430284769533365
0.4,707.9457843841374,-0.3775811612908855,-0.37746301444208336,6.925834072724237e-05,0.00025368295311481366,1.0003266081011333,1.2886141494769678,0.15726589941873584,0.1343287721211461
0.4,841.3951416451947,-0.3775624437341407,-0.37746301444208336,5.828358019766988e-05,0.0002134849992469962,1.00027488002283,1.2886283409608676,0.15728577060450813,0.13435059428039453
0.4,1000.0,-0.377546688713299,-0.37746301444208336,4.904656664731818e-05,0.00017965170463422864,1.0002313348134926,1.2886402874964102,0.15730249665345636,0.1343689620493137
0.8,0.001,-0.30778101167082805,-0.31998768112416487,0.05099797437205702,0.18932882325372677,4.106178696751449,0.0019999999999997667,0.22940526342987166,0.11720391264413027
0.8,0.001188502227437019,-0.3078008665854992,-0.31998768112416487,0.05098758624814098,0.1875501893108608,3.6356264695973586,0.0023770044548738585,0.22938435512252628,0.11718931265487187
0.8,0.001412537544622754,-0.30782444549276067,-0.31998768112416487,0.050975245015741605,0.18599677755728464,3.2389728291320394,0.002825075089245584,0.22935952534083776,0.11717197894663815
0.8,0.0016788040181225606,-0.30785244268053,-0.31998768112416487,0.05096058459929558,0.18464321434256792,2.9047950883273224,0.0033576080362452006,0.2293300430173629,0.11715140377660532
0.8,0.001995262314968879,-0.30788568015331935,-0.31998768112416487,0.05094317077639818,0.18346447825420337,2.6233626252875193,0.003990524629937643,0.22929504261827,0.11712698679626399
0.8,0.0023713737056616554,-0.30792513041460307,-0.31998768112416487,0.050922488684391976,0.1824366024483503,2.3864166907439235,0.004742747411323404,0.2292535001634033,0.11709801886390138
0.8,0.002818382931264455,-0.30797194301760167,-0.31998768112416487,0.05089792811607266,0.18153705662054076,2.186965819059361,0.005636765862529219,0.22920420528285726,0.11706366332120464
0.8,0.003349654391578276,-0.30802747538248454,-0.31998768112416487,0.050868766246193145,0.1807448982520381,2.0191020931692036,0.006699308783156419,0.2291457287873229,0.11702293446301947
0.8,0.003981071705534973,-0.30809332838753634,-0.31998768112416487,0.05083414738656522,0.18004076172565311,1.8778396072249461,0.007962143411069994,0.22907638522043827,0.11697467296019975
0.8,0.0047315125896148025,-0.30817138722040394,-0.31998768112416487,0.05079305932451642,0.179406736324871,1.7589743972365368,0.009463025179229716,0.22899418988481557,0.11691751806327934
0.8,0.005623413251903491,-0.30826386790544363,-0.31998768112416487,0.05074430576140827,0.1788261699463402,1.6589641049996622,0.011246826503807294,0.22889680990903438,0.1168498765381947
0.8,0.006683439175686149,-0.30837336977885166,-0.31998768112416487,0.05068647434002076,0.17828342423620747,1.5748252423756104,0.01336687835137268,0.22878150907630157,0.1167698884891088
0.8,0.007943282347242814,-0.30850293392987005,-0.31998768112416487,0.050617899741175615,0.17776359837154143,1.5040458571235253,0.01588656469448551,0.22864508640539072,0.1166753905430804
0.8,0.009440608762859235,-0.30865610721558623,-0.31998768112416487,0.050536621352738134,0.17725223239616483,1.4445115074408947,0.01888121752571826,0.2284838089104322,0.1165638773523656
0.8,0.011220184543019636,-0.3088370108245712,-0.31998768112416487,0.05044033508596097,0.17673499647316449,1.3944426378095152,0.022440369086039188,0.22829333963673368,0.1164324630734769
0.8,0.01333521432163324,-0.3090504114267307,-0.31998768112416487,0.050326339059170846,0.1761973692823978,1.3523416618649484,0.02667042864326636,0.22806866306360274,0.1162778454846198
0.8,0.015848931924611134,-0.309301791596818,-0.31998768112416487,0.05019147312011564,0.1756243067973418,1.316948270995902,0.031697863849222414,0.22780401139486733,0.11609627679919116
0.8,0.018836490894898,-0.3095974143072817,-0.31998768112416487,0.05003205257926031,0.17499990162298848,1.2872016861092332,0.037672981789795834,0.22749279725992066,0.1158835471315699
0.8,0.02238721138568339,-0.309944373703987,-0.31998768112416487,0.0498437971330993,0.1743070328553062,1.2622087484788822,0.044774422771366354,0.2271275610795865,0.1156349890880039
0.8,0.0266072505979881,-0.3103506209518558,-0.31998768112416487,0.04962175683830043,0.17352700702210158,1.2412169023345236,0.053214501195976226,0.22669994497372004,0.11534551519162453
0.8,0.03162277660168379,-0.3108249495372505,-0.31998768112416487,0.04936023823536687,0.17263919221782775,1.2235912581015835,0.06324555320336754,0.22620070973639045,0.11500970385591144
0.8,0.037583740428844416,-0.31137691899227593,-0.31998768112416487,0.049052735402433045,0.17162065040850372,1.2087950439794037,0.07516748085768896,0.22561981712813475,0.11462195432509267
0.8,0.0446683592150963,-0.31201668969507956,-0.31998768112416487,0.04869187292766767,0.1704457777768327,1.196372859216225,0.08933671843019267,0.22494660638989067,0.11417673610301088
0.8,0.05308844442309882,-0.31275473466777465,-0.31998768112416487,0.04826937057468389,0.16908597117338595,1.1859362406181813,0.10617688884619736,0.2241701009699972,0.11366896319933174
0.8,0.0630957344480193,-0.31360138817268446,-0.31998768112416487,0.04777604276098011,0.16750935224557287,1.1771511512619957,0.1261914688960391,0.22327948787532792,0.11309452671747401
0.8,0.07498942093324558,-0.31456618729721264,-0.31998768112416487,0.04720184972306608,0.16568060237225166,1.1697271044476558,0.14997884186649119,0.22226481579414517,0.11245101868134609
0.8,0.08912509381337455,-0.31565696471779225,-0.31998768112416487,0.0465360210312243,0.16356099402184118,1.1634077532879146,0.17825018762674882,0.2211179559056737,0.11173867218750333
0.8,0.10592537251772886,-0.31687866299397915,-0.31998768112416487,0.04576727524228416,0.16110874879349132,1.1579629100499937,0.21185074503545773,0.2198338562735635,0.11096152338559273
0.8,0.12589254117941676,-0.3182318689704745,-0.31998768112416487,0.04488416081038822,0.1582799050421879,1.1531821040702956,0.25178508235883357,0.21841209067671058,0.11012876400483913
0.8,0.1496235656094433,-0.319711117537712,-0.31998768112416487,0.04387554130345936,0.1550299235294425,1.1488699224708074,0.2992471312188871,0.21685864893795267,0.10925619421776912
0.8,0.1778279410038923,-0.3213030916970264,-0.31998768112416487,0.042731240494875956,0.1513162665635581,1.1448434630110753,0.35565588200778414,0.21518783348393658,0.10836760292073877
0.8,0.21134890398366454,-0.32298494914768827,-0.31998768112416487,0.041442847959497056,0.1471021072302997,1.1409322018859156,0.42269780796732864,0.21342401763503402,0.10749580227387115
0.8,0.25118864315095796,-0.3247231209497184,-0.31998768112416487,0.04000466197322247,0.14236111161256257,1.1369803747208809,0.5023772863019161,0.2116028994094451,0.1066829455365169
0.8,0.298538261891796,-0.3264730236021514,-0.31998768112416487,0.038414714024072275,0.1370828715569114,1.1328515525196954,0.5970765237835929,0.20977178401977364,0.10597969993564015
0.8,0.3548133892335753,-0.3281801508877009,-0.31998768112416487,0.03667578114058794,0.13127810904901277,1.128434519934246,0.709626778467149,0.2079884030114655,0.10544288358532006
0.8,0.4216965034285822,-0.3297829051953771,-0.31998768112416487,0.03479625525015625,0.12498239085278505,1.1236490162047879,0.8433930068571641,0.20631789244542234,0.10513136207918843
0.8,0.501187233627272,-0.331217246129075,-0.31998768112416487,0.03279071319190069,0.11825702239538587,1.118449670716298,1.0023744672545438,0.2048278524219841,0.10510035998492934
0.8,0.5956621435290104,-0.33242279075292114,-0.31998768112416487,0.03068002911197901,0.11118623303844231,1.112826813432649,1.191324287058021,0.203581880405208,0.10539482799957796
0.8,0.707945784384138,-0.3333494984304579,-0.31998768112416487,0.02849090372203472,0.10387072487302397,1.1068037750260296,1.2398972087074736,0.20263250084766157,0.106042977912413
0.8,0.8413951416451948,-0.3339636990963105,-0.31998768112416487,0.026254757137440785,0.09641883839946756,1.1004314431865654,1.2840549900576221,0.20201480713800807,0.10705135029015514
0.8,1.0,-0.33425217254537687,-0.31998768112416487,0.024006037226797707,0.08893746144894768,1.0937816058345067,1.3271801834895671,0.20174218226446763,0.10840263672208791
0.8,1.1885022274370176,-0.334223351879337,-0.31998768112416487,0.021780112638035976,0.08152487761310726,1.0869405569008064,1.3684548859768644,0.2018050735803943,0.11005690565356979
0.8,1.412537544622754,-0.3339054173260201,-0.31998768112416487,0.01961101625980609,0.07426689622690526,1.0800036684173928,1.4072251058987526,0.2021730607408159,0.11195604645903844
0.8,1.6788040181225607,-0.33334181560118814,-0.31998768112416487,0.01752934741494348,0.06723623207167505,1.0730707306684726,1.4430146756126365,0.202799641708227,0.11403045914998859
0.8,1.9952623149688788,-0.33258529713949925,-0.31998768112416487,0.015560611133548407,0.06049392570375742,1.066241438235711,1.4755241225541447,0.20362857422549124,0.11620656809612605
0.8,2.371373705661655,-0.33169173451967815,-0.31998768112416487,0.01372417804397513,0.05409118077137378,1.0596106277797213,1.5046223983525155,0.20460043285670157,0.11841375158237563
0.8,2.818382931264452,-0.33071478046506864,-0.31998768112416487,0.012032920220794975,0.048070409562149634,1.0532634450689404,1.5303297084004817,0.2056582623331301,0.12058967157664954
0.8,3.3496543915782757,-0.3297019962870129,-0.31998768112416487,0.010493457032959801,0.04246512320487464,1.0472710730010235,1.552789513156895,0.20675166303011344,0.12268354802273523
0.8,3.981071705534969,-0.3286926233552725,-0.31998768112416487,0.009106861790424322,0.037299052185077605,1.0416877256903536,1.5722330922779544,0.20783913050518274,0.12465743497275143
0.8,4.731512589614803,-0.327716820512188,-0.31998768112416487,0.007869646595236968,0.0325852163957667,1.036549341910334,1.5889434144814698,0.2088888408471044,0.12648589331052515
0.8,5.623413251903491,-0.3267960022034698,-0.31998768112416487,0.0067748528173542065,0.028325572634514788,1.0318740020500545,1.6032241902939048,0.20987827167590217,0.12815459139570412
0.8,6.683439175686142,-0.3259438684036936,-0.31998768112416487,0.005813111632309863,0.024511541873700683,1.027663748495782,1.6153769596688072,0.21079309361997894,0.12965834555043426
0.8,7.943282347242813,-0.32516776787971996,-0.31998768112416487,0.004973585705123941,0.021125376465670493,1.023907310373268,1.6256862952881943,0.21162571257463314,0.13099900598379216
0.8,9.440608762859226,-0.3244701288536126,-0.31998768112416487,0.004244746607063574,0.018142103064964346,1.0205832185756247,1.6344116682927063,0.21237374432786893,0.13218346090311783
0.8,11.220184543019629,-0.3238497879416857,-0.31998768112416487,0.0036149762460584243,0.015531701890147902,1.0176628900370193,1.6417840915910809,0.21303860019611748,0.13322191059942395
0.8,13.33521432163324,-0.3233031290067768,-0.31998768112416487,0.0030730028235599507,0.0132612211948701,1.0151133970322332,1.6480058432477533,0.21362427661807423,0.13412647132711514
0.8,15.848931924611142,-0.32282500147811577,-0.31998768112416487,0.002608193956736595,0.011296620265510256,1.0128997705600264,1.6532519791621914,0.2141363803088067,0.13491010834309508
0.8,18.83649089489798,-0.32240942399230044,-0.31998768112416487,0.0022107342113867868,0.009604236915463112,1.0109867919632416,1.657672751519291,0.21458138220717096,0.13558586354547386
0.8,22.38721138568338,-0.3220500985665003,-0.31998768112416487,0.0018717140394044966,0.00815185859132035,1.0093402971370689,1.6613963740337192,0.21496607305418283,0.1361663283763896
0.8,26.607250597988084,-0.32174076821690445,-0.31998768112416487,0.0015831541841399444,0.00690943049888028,1.0079280566663529,1.6645318049021602,0.2152971853906925,0.13666331006279236
0.8,31.622776601683793,-0.3214754515043673,-0.31998768112416487,0.001337985551339042,0.005849461761161297,1.0067203108710652,1.6671713694329868,0.21558114625514965,0.13708764344515761
0.8,37.58374042884443,-0.3212485842575,-0.31998768112416487,0.0011300003102522648,0.004947198596896388,1.0056900392009533,1.669393138143761,0.21582392836209024,0.13744910787254333
0.8,44.66835921509626,-0.32105509389170317,-0.31998768112416487,0.0009537861185365333,0.004180629478070647,1.0048130354127098,1.6712630315154267,0.21603097271858893,0.13775641663742483
0.8,53.08844442309879,-0.3208904266237189,-0.31998768112416487,0.0008046520893300857,0.003530377314174411,1.0040678482469745,1.672836653507062,0.21620716110112617,0.13801725393683342
0.8,63.0957344480193,-0.32075054316815105,-0.31998768112416487,0.0006785524930248963,0.0029795220286119198,1.0034356348954714,1.674160871858158,0.2163568218382072,0.13823834080832906
0.8,74.98942093324558,-0.3206318944943605,-0.31998768112416487,0.0005720121666509448,0.0025133857865661554,1.0028999630733038,1.675275170271982,0.21648375661058056,0.1384255167364401
0.8,89.12509381337459,-0.32053138598782915,-0.31998768112416487,0.0004820561034939245,0.0021193036811323774,1.0024465877356434,1.6762127996093639,0.2165912794208501,0.1385838277112752
0.8,105.92537251772876,-0.3204463358491426,-0.31998768112416487,0.00040614461636121136,0.0017863951858436609,1.00206322060462,1.6770017545467644,0.21668226155296527,0.13871761459900322
0.8,125.89254117941663,-0.3203744316732755,-0.31998768112416487,0.00034211471622169764,0.001505346026170213,1.001739304589366,1.6776656001362398,0.21675917835005148,0.1388305979371906
0.8,149.6235656094433,-0.32031368776531466,-0.31998768112416487,0.0002881278432684207,0.001268206036163926,1.0014658006499486,1.6782241701356018,0.21682415511082764,0.13892595687401638
0.8,177.82794100389228,-0.3202624047563938,-0.31998768112416487,0.0002426237636047095,0.0010682057305847908,1.0012349913848995,1.6786941562883098,0.21687901045752955,0.1390064010841679
0.8,211.34890398366477,-0.3202191323907356,-0.31998768112416487,0.00020428025043368788,0.0008995924325013827,1.0010403033366317,1.6790896051605622,0.2169252962626654,0.13907423524315646
0.8,251.18864315095772,-0.32018263588315243,-0.31998768112416487,0.0001719780642163807,0.0007574855957386233,1.0008761484706892,1.6794223367836372,0.21696433372123777,0.13913141612645158
0.8,298.53826189179574,-0.3201518659365003,-0.31998768112416487,0.00014477070278793455,0.0006377502405503654,1.0007377842934573,1.6797022972602662,0.2169972454827462,0.1391796026970033
0.8,354.8133892335753,-0.32012593231291003,-0.31998768112416487,0.0001218583889458188,0.000536887032877385,1.0006211914769119,1.6799378556610955,0.21702498396380007,0.13922019971193073
0.8,421.6965034285823,-0.32010408073681185,-0.31998768112416487,0.00010256578384798324,0.00045193736477947,1.0005229675338982,1.6801360539604362,0.2170483560840075,0.1392543954584095
0.8,501.18723362727246,-0.3200856728471908,-0.31998768112416487,8.632295036459429e-05,0.00038040176739051533,1.0004402349532107,1.6803028174068098,0.2170680447311336,0.13928319425022923
0.8,595.6621435290098,-0.32007016889140943,-0.31998768112416487,7.264913293678754e-05,0.0003201700430969189,1.0003705621850691,1.6804431315753074,0.21708462728729624,0.13930744430160652
0.8,707.9457843841374,-0.32005711285187366,-0.31998768112416487,6.113896588245831e-05,0.0002694616165461046,1.000311895932867,1.6805611913630423,0.21709859154833566,0.13932786155827337
0.8,841.3951416451947,-0.3200461197094272,-0.31998768112416487,5.1450766508658015e-05,0.0002267747350723627,1.0002625033096113,1.6806605263709669,0.2171103493544423,0.1393450500178109
0.8,1000.0,-0.32003686456910385,-0.31998768112416487,4.3296612396299585e-05,0.00019084329326958744,1.0002209225457626,1.680744106409421,0.21712024822649711,0.13935951901819427
